player_id,name,offense,defense,total,value,wins_added,possessions
1628983,Shai Gilgeous-Alexander,2.8090012062692464,3.9585487561512536,6.7675499624204996,2859.5952164044693,95.31984054681564,30856.0
1630169,Tyrese Haliburton,3.818818755256876,0.847917566577182,4.666736321834058,1576.564456327815,52.5521485442605,21998.36
1631260,AJ Green,2.2521239823509087,2.005111384072029,4.257235366422938,1118.8305972425512,37.29435324141837,16557.52
202695,Kawhi Leonard,3.7191623272072674,0.4557123035921139,4.174874630799382,1419.9834595078846,47.332781983596156,21273.559999999998
1628378,Donovan Mitchell,1.6423577653690533,2.0676432105772795,3.7100009759463326,1914.2899328444357,63.809664428147855,30825.92
203507,Giannis Antetokounmpo,3.223892448302454,0.3423354510316976,3.5662278993341516,1362.724714779903,45.4241571593301,22464.12
1628384,OG Anunoby,1.551791767318758,1.9641239255415772,3.515915692860335,1871.7583195486848,62.39194398495616,31113.440000000002
201939,Stephen Curry,4.033904944491329,-0.5355859118811613,3.498319032610168,1549.5097657799886,51.65032552599962,25832.399999999998
1641705,Victor Wembanyama,1.4994604143198378,1.892698279971729,3.3921586942915667,1323.527325136982,44.117577504566064,22462.52
1631157,Ryan Rollins,1.4827508805584133,1.9067399707501944,3.389490851308608,694.9834784178208,23.166115947260696,11800.4
1628988,Aaron Holiday,0.7057589916450332,2.605933024462135,3.311692016107168,626.0494120359028,20.868313734530094,10772.240000000002
1629675,Naz Reid,1.1634517630553123,2.1474960224825157,3.310947785537828,1504.2986482750912,50.143288275836376,25887.32
1642345,Oso Ighodaro,1.4080571765432288,1.8216697143959315,3.22972689093916,644.0556809029072,21.46852269676357,11240.599999999999
1626157,Karl-Anthony Towns,2.8708839588022093,0.35118987173351135,3.2220738305357206,1741.590990527642,58.053033017588064,30436.36
1626181,Norman Powell,1.7358699060064209,1.4116988377367659,3.1475687437431867,1248.670672159126,41.62235573863754,22109.88
1627827,Dorian Finney-Smith,1.54639422771024,1.5593465370582997,3.10574076476854,923.2296272164841,30.774320907216136,16469.36
1628989,Kevin Huerter,2.1825453246329687,0.8970760469432819,3.0796213715762506,1027.645736822719,34.254857894090634,18417.839999999997
1627739,Kris Dunn,1.4220518905000374,1.578626893710643,3.00067878421068,1028.5873277601509,34.286244258671694,18699.280000000002
1642844,Dylan Harper,1.0728325442656883,1.8750922905276086,2.947924834793297,393.66486939222966,13.122162313074321,7225.959999999999
1630631,Jose Alvarado,0.6781947706746259,2.215814739390721,2.894009510065347,825.5963075915819,27.519876919719398,15305.8
1642864,Hugo González,1.217676807850642,1.6179976359192667,2.835674443769909,215.65302112873715,7.188434037624572,4041.72
1630598,Aaron Wiggins,1.6370343820861524,1.1885658052603862,2.825600187346539,874.6787050098704,29.155956833662348,16424.04
1629004,Svi Mykhailiuk,2.183371848341328,0.6369527252131119,2.8203245735544398,500.6978737470378,16.689929124901262,9411.04
203935,Marcus Smart,0.07503458135778043,2.7434258748178566,2.8184604561756372,601.8050744580981,20.060169148603272,11315.400000000001
1631096,Chet Holmgren,1.5673393060269505,1.2373907887770723,2.8047300948040226,1177.9344145795744,39.264480485985814,22205.36
201950,Jrue Holiday,1.1043119383510382,1.684494582111496,2.7888065204625345,1295.8316408046076,43.19438802682025,24501.4
1630540,Miles McBride,1.1148465469249298,1.6533014440359577,2.7681479909608875,978.1707536288501,32.60569178762834,18567.64
1627884,Derrick Jones Jr.,1.0864571492713555,1.6282054504885657,2.7146625997599214,1040.7778213657634,34.692594045525446,19958.68
1627750,Jamal Murray,3.5724975492105986,-0.8804021070901894,2.6920954421204093,1639.8444255430115,54.661480851433716,31583.480000000003
1630167,Obi Toppin,2.8913701263854987,-0.2305753849001947,2.660794741485304,857.0924047584998,28.569746825283328,16607.76
1630573,Sam Hauser,2.6650683768202454,-0.019161052895924114,2.6459073239243214,1095.7942059115999,36.52647353038666,21294.48
1629029,Luka Dončić,3.6141182018432834,-0.9819077610857735,2.6322104407575098,1453.1956507213702,48.43985502404567,28315.199999999997
1630174,Aaron Nesmith,2.221574152772995,0.40018007146139534,2.6217542242343903,1082.097599374276,36.06991997914253,21127.48
202681,Kyrie Irving,2.2830843215008154,0.32919335759963353,2.612277679100449,903.4969240495656,30.11656413498552,17673.079999999998
1630700,Dyson Daniels,1.9101789736147856,0.6977497607412824,2.6079287343560678,1391.2506357195496,46.37502119065165,27237.08
203497,Rudy Gobert,-0.5454067068534274,3.118469290772279,2.5730625839188512,1589.2667248147286,52.97555749382429,31327.56
1628379,Luke Kennard,2.2014654706145347,0.33094455696265984,2.5324100275771944,665.6992762319776,22.189975874399252,13228.240000000002
1629660,Ty Jerome,2.35784399407116,0.10586542859896815,2.463709422670128,372.6673615189969,12.422245383966564,7507.84
201143,Al Horford,2.6851709402621227,-0.2215856812324728,2.46358525902965,986.9652492077663,32.89884164025888,19884.12
1631114,Jalen Williams,1.2304336089586927,1.1797632886020533,2.4101968975607457,1089.9812199506064,36.332707331686876,22198.32
1630529,Herbert Jones,1.0421409623592115,1.3597183266423853,2.401859289001597,853.6176195616006,28.453920652053352,17414.160000000003
1630558,Davion Mitchell,1.4351284347555238,0.9568871434828412,2.392015578238365,999.6735993818534,33.32245331272845,20434.800000000003
1627936,Alex Caruso,-0.9581348078088692,3.341008682191865,2.3828738743829962,796.1564915172469,26.538549717241562,16305.079999999998
204456,T.J. McConnell,2.695987572894289,-0.32580964900498854,2.3701779238893006,781.7960256237625,26.059867520792082,16052.72
203484,Kentavious Caldwell-Pope,0.8417740416150511,1.4726645674266732,2.314438609041724,1086.499395983213,36.216646532773765,22567.519999999997
1628368,De'Aaron Fox,1.7669680392935638,0.5436131594506031,2.310581198744167,1348.5964090234602,44.953213634115336,28033.96
1629634,Brandon Clarke,0.3571995661306654,1.9314760651336793,2.288675631264345,201.38488046744328,6.712829348914776,4205.4400000000005
1626156,D'Angelo Russell,1.4313738228042032,0.8514168883927214,2.282790711196925,832.7106464473671,27.75702154824557,17410.559999999998
1630194,Paul Reed,1.2752406603230788,0.8971634553595427,2.1724041156826215,550.8913969321512,18.363046564405042,11790.32
201569,Eric Gordon,0.8507323003289414,1.2984424061667943,2.1491747064957356,519.6735906727977,17.32245302242659,11177.76
1628973,Jalen Brunson,2.342050284134283,-0.21680550912043414,2.125244775013849,1651.850668458896,55.06168894862987,35713.8
1627736,Malik Beasley,1.095064231261559,1.029932931475441,2.1249971627370003,909.618541983002,30.320618066100067,19667.440000000002
1629674,Neemias Queta,0.7683121090046946,1.3381675238497075,2.106479632854402,548.2281966571212,18.27427322190404,11901.24
202331,Paul George,1.1017614696623022,0.914921259194641,2.016682728856943,931.354432075034,31.045147735834465,20620.32
1641726,Dereck Lively II,1.4825558029031294,0.5151119322217892,1.9976677351249186,457.4649816079317,15.24883272026439,10171.16
1628369,Jayson Tatum,2.176707968715495,-0.20385534870267288,1.972852620012822,1149.7879162184,38.326263873946665,25705.92
1628401,Derrick White,1.157713949027481,0.8149581907154152,1.9726721397428961,1459.2396997616702,48.641323325389,32625.680000000004
1629130,Duncan Robinson,1.9804852546424194,-0.01068843379784668,1.9697968208445726,1067.786186694103,35.59287288980343,23888.92
1630596,Evan Mobley,1.004656151438492,0.927172789214912,1.931828940653404,1227.407434234994,40.91358114116647,27695.280000000002
1642349,Ajay Mitchell,0.6525449892517798,1.2480229556149003,1.9005679448666801,342.8588099476307,11.428626998254355,7791.24
1641764,Brandin Podziemski,0.4110855472454544,1.4687477368865127,1.8798332841319672,1107.188567495602,36.90628558318674,25279.24
1630241,Sam Merrill,1.224261730982013,0.6432211575659635,1.8674828885479764,745.4367384379022,24.847891281263408,17067.879999999997
1630595,Cade Cunningham,0.8640782531189979,0.999937571480277,1.8640158245992748,1291.108046558334,43.0369348852778,29585.32
203468,CJ McCollum,1.7349336561144204,0.12901795643710376,1.863951612551524,1068.2586975590677,35.60862325196892,24479.160000000003
203999,Nikola Jokić,3.852211309226386,-1.988340779569019,1.863870529657367,1503.6798149825813,50.122660499419375,34457.479999999996
1631119,Jaylin Williams,0.845372525720955,1.0080040347699735,1.8533765604909285,528.3379688355484,17.611265627851612,12136.279999999999
1630198,Isaiah Joe,0.917769822738421,0.9151931873164496,1.8329630100548706,768.832290578116,25.627743019270536,17743.8
1631255,Karlo Matković,0.09635342096814678,1.7236607730171025,1.8200141939852492,301.02895707095774,10.034298569031925,6968.24
1626164,Devin Booker,1.2723165676196144,0.5264887113823896,1.798805279002004,1293.2285068254005,43.10761689418002,30083.440000000002
1629638,Nickeil Alexander-Walker,1.2363072021838561,0.5432406646464215,1.7795478668302778,1201.6559573464206,40.05519857821402,28079.04
1629731,Dean Wade,0.4541666778906368,1.3124374475556166,1.7666041254462534,702.0219228759759,23.40073076253253,16453.879999999997
1629057,Robert Williams III,0.06829960916933903,1.6938680748826487,1.7621676840519878,210.6005247373032,7.02001749124344,4941.16
203932,Aaron Gordon,0.7378002878106021,1.0241109693111874,1.7619112571217896,953.4202339791958,31.780674465973195,22370.72
1629020,Jarred Vanderbilt,-0.04484380200791852,1.7816804897583967,1.7368366877504782,353.8724633036456,11.795748776788185,8352.279999999999
1630567,Scottie Barnes,-0.3539542341979127,2.024903722491103,1.6709494882931903,1151.0919662599733,38.36973220866578,27597.84
1630217,Desmond Bane,1.4309532588635325,0.2258285456263422,1.6567818044898748,707.9282074208961,23.59760691402987,17030.68
202699,Tobias Harris,-0.0820800136553872,1.7250895509896023,1.643009537334215,1174.0825011736983,39.13608337245661,28338.879999999997
1630178,Tyrese Maxey,1.4108725921705088,0.2271517026707427,1.6380242948412516,1270.4909784062377,42.34969928020792,30702.84
1626171,Bobby Portis Jr.,2.3209416949682424,-0.6917027697787607,1.6292389251894819,779.1626097497042,25.972086991656806,18869.4
1630205,Lamar Stevens,-0.20224782436028138,1.8120278587561012,1.6097800343958197,57.29362150350525,1.909787383450175,1394.08
1628366,Lonzo Ball,0.5087424819485039,1.0963226462681246,1.6050651282166286,246.2168803122795,8.20722934374265,5997.88
1628978,Donte DiVincenzo,1.4717350004902532,0.13184032999479825,1.6035753304850515,1153.4444439036638,38.44814813012213,28108.28
1629680,Matisse Thybulle,-0.6703938961878133,2.268585227101131,1.5981913309133178,335.3304074606513,11.177680248688377,8182.4
1631159,Leonard Miller,0.6997238640856002,0.8810043272667164,1.5807281913523166,142.61981799648692,4.753993933216231,3494.96
1630577,Julian Champagnie,2.1583622241775804,-0.5817659046936218,1.5765963194839587,941.5486229718209,31.384954099060696,23096.440000000002
1630591,Jalen Suggs,-0.09033640621340683,1.6649548954281113,1.5746184892147044,668.8241772936584,22.294139243121947,16414.4
1629632,Coby White,2.0700567446818483,-0.4967302420377299,1.5733265026441183,997.1943197735086,33.239810659116955,24481.079999999998
101108,Chris Paul,1.7145361227594642,-0.14549501078839394,1.5690411119710703,609.5830489843861,20.319434966146204,14981.0
1628386,Jarrett Allen,2.062855699563508,-0.4940486024329745,1.5688070971305335,1124.6964027431443,37.489880091438145,27641.92
1630166,Deni Avdija,1.2768388765096665,0.2643584049421102,1.5411972814517767,1015.0356035768056,33.83452011922685,25117.199999999997
1629636,Darius Garland,2.0828673794243318,-0.5775537539839153,1.5053136254404165,936.2837152084021,31.209457173613405,23376.04
1628449,Chris Boucher,0.5097836707275767,0.9481139156192443,1.4578975863468209,251.8901013493189,8.396336711643963,6364.24
1627832,Fred VanVleet,-0.27127330516884957,1.7212609106400154,1.4499876054711658,704.4818694308246,23.48272898102749,17835.04
1627783,Pascal Siakam,1.2849905997416051,0.1549069213210926,1.4398975210626976,1260.1462788907438,42.004875963024794,31984.239999999998
1630188,Jalen Smith,1.6265785969881286,-0.20236870127893228,1.4242098957091962,497.58039667217633,16.586013222405878,12679.76
1629162,Jordan McLaughlin,1.2620324418415039,0.14244532988284847,1.4044777717243524,171.6111688139374,5.720372293797913,4395.24
1626167,Myles Turner,2.038167624505522,-0.6344000912035396,1.4037675333019823,1033.1414467304496,34.43804822434832,26465.239999999998
1642848,Tre Johnson,0.8085403543849493,0.580124783846722,1.3886651382316713,198.5241326370033,6.61747108790011,5105.200000000001
1641708,Amen Thompson,-0.46376272107198235,1.845760425711185,1.3819977046392027,1002.0460923067807,33.40153641022602,25812.64
201988,Patty Mills,-0.06102035543472759,1.4411699512555685,1.380149595820841,117.68648930108444,3.9228829767028146,3033.04
1629750,Javonte Green,-0.5328166165936502,1.9055225366040132,1.3727059200103628,458.58414789447505,15.286138263149168,11841.439999999999
1631212,Peyton Watson,-0.4237185176824521,1.7953877439142476,1.3716692262317955,743.3635887718858,24.778786292396195,19200.08
1642259,Alex Sarr,0.49422214260636343,0.8376852856437521,1.3319074282501155,428.80730161387226,14.293576720462408,11190.44
1642347,Jamal Shead,-0.15948544445295865,1.4803873330290527,1.3209018885760941,510.51528641491814,17.017176213830606,13361.119999999999
1631243,Mouhamed Gueye,0.14202885656215455,1.1763417354345045,1.318370591996659,295.3769302109672,9.845897673698907,7735.68
203957,Dante Exum,1.6765493168400427,-0.38250057057100517,1.2940487462690375,228.7325755760707,7.624419185869024,6028.719999999999
1631128,Christian Braun,-0.10208857180381678,1.3898647987520039,1.2877762269481872,956.6589452039236,31.888631506797456,25256.480000000003
203897,Zach LaVine,1.8072307226960649,-0.5263960640709556,1.2808346586251091,675.6608631719857,22.522028772399526,17870.68
1627742,Brandon Ingram,1.4090901493445587,-0.13214190045649604,1.2769482488880626,703.724019291423,23.4574673097141,18632.08
1627747,Caris LeVert,-0.11208402451253764,1.3731819388908002,1.2610979143782626,738.508124318995,24.61693747729983,19635.44
1630228,Jonathan Kuminga,-0.9735579228590002,2.214492661856865,1.2409347389978649,605.4882439935516,20.18294146645172,16185.48
1631248,Baylor Scheierman,0.9914785790150349,0.2398686269035849,1.23134720591862,250.3584721283157,8.34528240427719,6709.599999999999
1631221,Collin Gillespie,1.9533715690836266,-0.7457288266309186,1.207642742452708,435.06518079907966,14.502172693302656,11734.28
1631165,Keon Ellis,1.001836487989244,0.20529835944014513,1.2071348474293893,578.6214698182908,19.28738232727636,15608.32
1629060,Rui Hachimura,1.1922528647988133,-0.009363837342601168,1.182889027456212,820.6979371895643,27.35659790631881,22284.08
1626153,Delon Wright,-0.3447078570830543,1.5172725587379108,1.1725647016548564,200.94070508634385,6.6980235028781285,5471.400000000001
1630699,MarJon Beauchamp,-0.2198649603981743,1.3803600305485568,1.1604950701503824,144.3728539627872,4.8124284654262395,3944.08
1641763,Julian Phillips,-0.256921753027588,1.4149713752292765,1.1580496222016885,262.51773630753087,8.750591210251029,7176.4400000000005
1630183,Jaden McDaniels,0.44551205400980454,0.7100461460733938,1.1555582000831983,1103.2123714263885,36.77374571421295,30179.04
1629614,Andrew Nembhard,0.7263042429420242,0.4276897517846531,1.1539939947266773,896.8830571888483,29.89610190629494,24545.280000000002
1629652,Luguentz Dort,1.3420293937839671,-0.20351232724357018,1.138517066540397,925.3156414123681,30.843854713745603,25431.12
1629001,De'Anthony Melton,1.4001932538583515,-0.28151586183070093,1.1186773920276505,338.36225833511014,11.278741944503672,9350.439999999999
203200,Justin Holiday,0.07192260385685725,1.044678924905445,1.1166015287623021,142.6734836690613,4.755782788968711,3944.96
1631204,Marcus Sasser,0.9330874059037084,0.1760490352953809,1.1091364411990894,368.34413422504963,12.278137807501654,10205.880000000001
1630549,Day'Ron Sharpe,-1.1405233110548516,2.246959923533023,1.1064366124781713,391.06756051068294,13.035585350356097,10843.599999999999
1629684,Grant Williams,0.852587462015367,0.24996864632723173,1.1025561083425988,454.2491817458049,15.14163939152683,12609.079999999998
204060,Joe Ingles,1.6148446307570539,-0.5171310576224043,1.0977135731346497,204.31847107460453,6.8106157024868175,5679.120000000001
1628975,Jevon Carter,0.4308923595906601,0.6410837711306119,1.0719761307212718,216.64178111869748,7.221392703956583,6065.040000000001
202709,Cory Joseph,1.0895616394300616,-0.022552658238368623,1.067008981191693,140.23481789016267,4.6744939296720895,3931.44
1642853,Rasheer Fleming,0.1866075571902816,0.8720857664106617,1.0586933236009433,90.70255195461141,3.023418398487047,2548.76
202710,Jimmy Butler III,0.7070382345940924,0.33571666257543953,1.042754897169532,746.1254378732864,24.870847929109548,21060.6
1629013,Landry Shamet,-0.06716678004955524,1.0970314818910842,1.029864701841529,402.31985925709006,13.410661975236335,11397.599999999999
203992,Bogdan Bogdanović,0.6388407898669126,0.3904316026048213,1.029272392471734,599.8337241155389,19.99445747051796,16995.96
1630191,Isaiah Stewart,-0.5577575504789299,1.5827992347406166,1.0250416842616867,617.3631104315285,20.57877034771762,17513.64
1630543,Isaiah Jackson,-0.5414223127532759,1.558886773096891,1.0174644603436152,263.30613361504993,8.776871120501664,7485.68
201142,Kevin Durant,2.563329325929099,-1.5493784454013406,1.0139508805277582,1065.2907545211474,35.50969181737158,30316.04
1628392,Isaiah Hartenstein,0.7836760634061304,0.22512303464368252,1.008799098049813,697.1464505558466,23.23821501852822,19868.52
203954,Joel Embiid,0.31061174232623967,0.6929157898663697,1.0035275321926094,479.8921801945505,15.996406006485017,13697.400000000001
1631214,Alondes Williams,0.5360818141183589,0.4627788132939067,0.9988606274122656,18.47678320123869,0.615892773374623,528.0799999999999
1642851,Kon Knueppel,1.8199421352990144,-0.8214576100357441,0.9984845252632703,325.83485474491994,10.861161824830665,9313.6
1630538,Bones Hyland,-0.47227068133665323,1.4671284878165423,0.994857806479889,249.10927061651867,8.303642353883955,7127.879999999999
1627777,Georges Niang,2.296060867033118,-1.313825087110389,0.982235779922729,486.0100762265675,16.200335874218915,13956.84
1629611,Terance Mann,0.9056644484267613,0.05530106126350263,0.960965509690264,623.4209484880995,20.78069828293665,18012.92
1642263,Reed Sheppard,0.6283463095404581,0.33032437910533213,0.9586706886457903,369.92143176997274,12.330714392332425,10695.48
1631169,Josh Minott,-0.3769447407009176,1.3321212100166313,0.9551764693157136,135.84648220879205,4.528216073626401,3931.68
1629630,Ja Morant,0.04336777662082797,0.9102367722328218,0.9536045488536498,215.85442862881172,7.19514762096039,6250.12
1642396,Blake Hinson,0.21535931054246782,0.7236414426634432,0.939000753205911,40.14414359232324,1.338138119744108,1167.32
1641767,Ben Sheppard,0.47224042315652254,0.4646951685543902,0.9369355917109128,509.7154203158053,16.990514010526844,14830.52
1629628,RJ Barrett,1.4295274552242905,-0.4929094554738897,0.9366179997504007,749.1676028263884,24.972253427546278,21799.559999999998
1630230,Naji Marshall,0.43319373048365706,0.4928470426242712,0.9260407731079283,722.6369648596353,24.08789882865451,21092.480000000003
203081,Damian Lillard,0.7645328030612709,0.16117141362915785,0.9257042166904288,624.1687894077428,20.805626313591425,18220.16
1630643,Jay Huff,0.501390397102094,0.4237717088388557,0.9251621059409496,344.78092777854306,11.492697592618102,10066.119999999999
1629022,Lonnie Walker IV,0.5360620060676409,0.38304613565903795,0.9191081417266789,196.89002616295915,6.563000872098638,5758.52
1630679,Ethan Thompson,0.36880490060651083,0.5493896393573514,0.9181945399638622,92.34184185821574,3.078061395273858,2701.48
1629023,P.J. Washington,-0.5187459011878228,1.4235172797204039,0.904771378532581,756.409457089004,25.213648569633467,22216.160000000003
1628464,Daniel Theis,0.20534041437924055,0.6845149898534213,0.8898554042326619,210.09239041704686,7.003079680568229,6197.68
1642914,Javon Small,0.7767136069910648,0.11308437064778766,0.8897979776388525,98.16854943242117,3.272284981080706,2896.0
1630170,Devin Vassell,1.212231704236675,-0.3268688958132886,0.8853628084233864,864.2276050404325,28.807586834681086,25528.36
1641706,Brandon Miller,0.5957513411151794,0.2855133683757957,0.8812647094909751,572.4034826226568,19.080116087421896,16928.68
1631123,Jamaree Bouyea,0.10156713086880532,0.7787440442279071,0.8803111750967124,98.9673984600115,3.2989132820003833,2927.7599999999998
1629026,Kenrich Williams,0.7521523111632968,0.11399309779017441,0.8661454089534713,373.9666368112584,12.46555456037528,11109.64
1631106,Tari Eason,-0.45491393852447765,1.3197353396680338,0.8648214011435562,444.3260119495671,14.810867064985569,13205.04
1630583,Santi Aldama,0.9528475967826981,-0.08867985238788641,0.8641677443948117,356.9718393577335,11.899061311924449,10611.0
1641753,Chris Livingston,0.257992450705948,0.6013096873950422,0.8593021381009902,29.584702069827802,0.9861567356609268,880.6800000000001
1630572,Sandro Mamukelashvili,0.6346162010535888,0.21381470314802287,0.8484309042016117,362.85874210943524,12.095291403647842,10836.68
1643018,LJ Cryer,0.5441788673158244,0.3011153836796758,0.8452942509955002,38.885700373571694,1.2961900124523897,1162.4
201587,Nicolas Batum,-0.26124383859746453,1.0888733655775074,0.8276295269800429,524.0044837171689,17.46681612390563,15747.08
1628374,Lauri Markkanen,0.6186400592722672,0.20459029091054212,0.8232303501828093,619.439502936955,20.647983431231832,18639.679999999997
1628426,Sasha Vezenkov,1.1188823815600237,-0.2964628201678845,0.8224195613921392,64.63302117949812,2.154434039316604,1945.3600000000001
1631306,Cole Swider,0.4317993077481481,0.38595676150049496,0.8177560692486431,35.49866283853277,1.1832887612844258,1069.9599999999998
1629626,Bol Bol,0.6991936814307232,0.11582356172454619,0.8150172431552695,107.95287351990271,3.5984291173300904,3256.48
203933,T.J. Warren,0.14614513864408676,0.6568801843983816,0.8030253230424683,15.533467489204117,0.5177822496401372,470.28
1629627,Zion Williamson,0.2269245679351858,0.5681140980324987,0.7950386659676845,631.0460350741351,21.034867835804505,19151.4
1641794,Dillon Jones,-0.2500996818608072,1.0449920262242414,0.7948923443634341,76.66291915477291,2.5554306384924304,2326.7200000000003
1630532,Franz Wagner,-0.43459413982955053,1.2268042900891427,0.7922101502595922,716.064925869882,23.8688308623294,21750.28
1631466,Nate Williams,0.9660993154928926,-0.17619210458827123,0.7899072109046215,64.50981655430218,2.1503272184767392,1960.8400000000001
1642281,Jaylon Tyson,0.3196226706583594,0.465679487218096,0.7853021578764554,338.2875631965386,11.276252106551286,10297.0
1631120,JD Davison,-0.19956767565747188,0.9715155796685148,0.7719479040110429,45.059957754878475,1.5019985918292824,1377.16
1642363,Nique Clifford,0.39983201976307137,0.3645680895273522,0.7644001092904236,236.93146569234264,7.897715523078088,7258.039999999999
1641744,Zach Edey,0.23715595860791902,0.5123198818970368,0.7494758405049559,178.8173557126515,5.96057852375505,5502.96
203496,Robert Covington,-0.29118801893973584,1.03607475148534,0.7448867325456041,60.33542390495296,2.0111807968317654,1859.4
1641772,Nae'Qwan Tomlin,-0.19306992835753994,0.9342888118816454,0.7412188835241054,148.90548497175766,4.963516165725255,4594.120000000001
1630322,Lindy Waters III,0.8596391318859625,-0.12451825529793639,0.7351208765880262,162.03038207973597,5.401012735991199,5008.48
1641717,Cason Wallace,-0.17138293127667598,0.8910125072215941,0.719629575944918,718.9999497890369,23.966664992967896,22331.760000000002
202397,Ish Smith,0.03694828491256593,0.6707242528952867,0.7076725378078527,26.78919796675606,0.8929732655585353,835.16
203486,Mason Plumlee,1.7218845662456788,-1.0178303116649567,0.704054254580722,274.0120014734452,9.133733382448174,8552.04
1641809,Drew Peterson,0.38199538467299227,0.3070051022076196,0.6890004868806119,32.324984535216636,1.0774994845072212,1013.6400000000001
1630227,Daishen Nix,0.5000404064762343,0.18224009168860414,0.6822804981648384,6.51985628464012,0.21732854282133734,204.88
1630202,Payton Pritchard,1.3563395208269267,-0.6754529405943402,0.6808865802325864,864.3448551558649,28.811495171862166,27173.08
1642845,VJ Edgecombe,0.1253674301201601,0.5472229182348282,0.6725903483549882,363.63342247547337,12.12111408251578,11461.720000000001
1641842,Ronald Holland II,-1.5657926611816972,2.2328412260613,0.6670485648796027,361.34250578079934,12.04475019269331,11409.439999999999
1626220,Royce O'Neale,0.20914878412696672,0.4517148558174884,0.6608636399444551,767.6599870514701,25.588666235049004,24286.399999999998
1630182,Josh Green,0.48237448599620425,0.1648328713653687,0.647207357361573,564.9438627734894,18.831462092449648,17950.64
1631101,Shaedon Sharpe,0.4930359058296547,0.15226211707746276,0.6452980229071175,567.9502383539657,18.931674611798858,18057.12
1630611,Gui Santos,-0.23425916205711309,0.8633757669185834,0.6291166048614704,301.2325456701621,10.04108485567207,9626.76
1631127,Harrison Ingram,0.3010932713022714,0.3202026514228285,0.6212959227250999,5.0277834723255905,0.16759278241085301,161.07999999999998
1631132,Christian Koloko,-0.284783181328685,0.8861546833045061,0.601371501975821,62.183739163216,2.0727913054405334,2005.04
1629618,Jalen Pickett,-0.25803648155245423,0.8494406911195662,0.5914042095671119,200.90170364797982,6.696723454932661,6498.719999999999
1629661,Cameron Johnson,1.3860142613047197,-0.7999524561775859,0.5860618051271338,612.9548301590734,20.431827671969113,19862.04
1628976,Wendell Carter Jr.,-0.41887221215707726,0.9990375054318685,0.5801652932747913,587.1558929974485,19.57186309991495,19062.480000000003
1630561,David Duke Jr.,0.3167391049439907,0.25637798458958166,0.5731170895335724,10.845644832381884,0.36152149441272946,352.91999999999996
1642948,Ryan Nembhard,0.5652933261843661,0.00615712277355056,0.5714504489579166,134.08724079970682,4.469574693323561,4365.6
1641989,Elijah Harkless,-0.10615466579169622,0.6753368774378466,0.5691822116461505,87.06410563420869,2.902136854473623,2836.7200000000003
1626166,Cameron Payne,-0.6746606028382355,1.2240637700317598,0.5494031671935243,339.0106884257722,11.300356280859072,11117.279999999999
1630346,Matt Ryan,-0.2876815082761998,0.8290191548371556,0.5413376465609558,55.36816012317151,1.8456053374390504,1820.52
1642285,Cam Spencer,0.23871095165862877,0.30110434081956017,0.5398152924781889,181.59734964653,6.053244988217667,5973.96
1641745,Adam Flagler,-0.09826440756286269,0.6370447942307051,0.5387803866678424,25.642444414857923,0.8547481471619308,843.8399999999999
1642346,Ryan Dunn,-0.864046127948768,1.3940089575568018,0.5299628296080338,317.5243487362079,10.584144957873598,10479.48
1629008,Michael Porter Jr.,1.7047403697721701,-1.176034114750986,0.5287062550211841,879.5266045981359,29.31755348660453,29039.68
2544,LeBron James,0.9480356931410425,-0.4258224950350722,0.5222131981059703,820.6844117162349,27.356147057207828,27155.08
203648,Thanasis Antetokounmpo,-0.22959911166166883,0.7473812185385307,0.5177821068768619,28.636337968575923,0.9545445989525307,948.9200000000001
202696,Nikola Vučević,2.6364813911110807,-2.134945312420116,0.5015360786909646,784.767215761362,26.158907192045397,26145.520000000004
1627732,Ben Simmons,1.1340316243957471,-0.6348075431147454,0.4992240812810017,185.19368919167425,6.173122973055809,6174.719999999999
1642357,David Jones Garcia,0.40522912411041917,0.09141846756686804,0.4966475916772872,8.760998899027715,0.2920332966342572,292.35999999999996
1628998,Cody Martin,-1.6891114344524805,2.1823000533900685,0.49318861893758803,195.99877986982355,6.533292662327452,6548.16
1628970,Miles Bridges,0.7266642670795992,-0.25522252588842415,0.47144174119117505,671.681331252604,22.38937770842013,22604.56
1630539,Kai Jones,0.5292360189956481,-0.06199730054263021,0.4672387184530179,40.63099321952087,1.3543664406506957,1369.3200000000002
203488,Mike Muscala,0.5568596123788899,-0.09326427058555968,0.46359534179333023,70.52052931517737,2.3506843105059123,2379.56
1642868,Carter Bryant,-0.44815977537720525,0.9098274116754566,0.4616676362982513,101.92401470262253,3.397467156754084,3441.4399999999996
1642911,Rocco Zikarsky,0.32366162510008234,0.12969986929005914,0.4533614943901415,3.9610484362760574,0.13203494787586859,134.12
1643052,Chaney Johnson,0.20294389465894644,0.2490588224687473,0.45200271712769374,35.622407188123304,1.1874135729374435,1206.72
1628371,Jonathan Isaac,-2.041531959749586,2.4899418604495134,0.44840990069992737,289.8487424261276,9.661624747537587,9830.68
1642434,Riley Minix,0.29218420417541524,0.14601975311329074,0.438203957288706,8.699434276740398,0.28998114255801327,296.0799999999999
203076,Anthony Davis,0.936894169004591,-0.5000836495377016,0.4368105194668894,591.663943942293,19.7221314647431,20146.480000000003
1642024,Alex Reese,0.585546472971736,-0.1492588331723217,0.4362876397994143,25.57389082759698,0.852463027586566,870.96
202704,Reggie Jackson,0.1403681554585046,0.29216467840391197,0.4325328338624166,256.0241925537915,8.53413975179305,8730.48
1627780,Gary Payton II,0.5218127500352755,-0.09121335751699589,0.4305993925182796,349.89950058959846,11.663316686319948,11939.519999999999
1642938,Curtis Jones,0.23878681378396174,0.1897735163250199,0.42856033010898165,11.456528011386332,0.3818842670462111,391.19999999999993
1631220,Dereon Seabron,0.10589460597299541,0.31016282463955513,0.4160574306125505,4.914139982068269,0.1638046660689423,168.51999999999998
1628372,Dennis Smith Jr.,-0.10790616500992885,0.5127256108970555,0.40481944588712665,113.82825480653293,3.7942751602177642,3918.6
1630162,Anthony Edwards,0.9927024021457953,-0.5888028744612767,0.40389952768451864,977.4084417457882,32.58028139152627,33658.479999999996
1642066,Myron Gardner,-0.031800380160458296,0.4337530338191833,0.401952653658725,46.27337623418056,1.5424458744726854,1594.56
1642907,Cedric Coward,0.6031565098881646,-0.2064764669976869,0.3966800428904777,141.11350629743535,4.703783543247845,4871.5599999999995
1642273,Kyshawn George,-0.6142273700729701,1.005014789560347,0.39078741948737683,334.1784946376441,11.139283154588137,11560.119999999999
1631107,Nikola Jović,-0.2573819292092943,0.6384541956966705,0.3810722664873762,340.6176497777365,11.353921659257884,11822.599999999999
1631457,Alex Morales,0.1737717231394442,0.19547117882947068,0.36924290196891485,1.557425047188727,0.051914168239624234,54.28
1642928,Dylan Cardwell,-0.6341362778884694,1.0031729680915733,0.3690366902031039,97.74922764989584,3.2583075883298616,3407.04
1642443,Jahmir Young,0.09847634461447402,0.26872989186813906,0.3672062364826131,7.137049763852519,0.237901658795084,248.92
1643047,CJ Huntley,0.39714152591458707,-0.031822931011466674,0.3653185949031204,4.65556965299859,0.155185655099953,162.48
1631098,Johnny Davis,-0.2842378303016118,0.6398401661280381,0.35560233582642625,98.15390572796025,3.271796857598675,3437.24
1628370,Malik Monk,0.28334861130222144,0.07210191986745959,0.35545053116968106,576.6913579958787,19.22304526652929,20196.16
1630171,Isaac Okoro,1.086551706831583,-0.731672309681019,0.35487939715056405,564.4678963563683,18.815596545212276,19772.04
1628415,Dillon Brooks,-0.19882767449032415,0.550822714879544,0.3519950403892199,716.3070743441566,23.876902478138554,25116.0
1630564,RaiQuan Gray,0.34297389584486543,0.0040912395345346,0.34706513537940004,5.1042183747081875,0.17014061249027293,179.28
1630688,Ish Wainright,-0.2202740110929602,0.5667678659533462,0.346493854860386,5.785214110618248,0.19284047035394158,203.23999999999998
1631254,Kenneth Lofton Jr.,-0.20174490050586952,0.5482053916920918,0.3464604911862223,18.11601315010559,0.6038671050035197,636.4399999999999
1628467,Maxi Kleber,0.06825817654102363,0.27770558256603095,0.34596375910705457,214.1462506322658,7.13820835440886,7524.56
1630256,Jae'Sean Tate,-0.9859224803599896,1.3311152358994005,0.34519275553941087,217.0836549392482,7.236121831308273,7629.84
203110,Draymond Green,0.6509482641067251,-0.3102122198232349,0.34073604428349025,645.5595386522587,21.518651288408623,22725.08
1642959,Chris Youngblood,0.4232110688970621,-0.08438003762685646,0.33883103127020564,15.901995904763185,0.5300665301587728,560.16
1641775,Jordan Walsh,-0.09586498578069758,0.42942683968742956,0.333561853906732,179.37013247600393,5.979004415866798,6330.2
1631230,Dominick Barlow,0.25041462643237034,0.08208118327143468,0.332495809703805,287.74305232289464,9.591435077429821,10158.64
1641709,Ausar Thompson,-0.897432811378911,1.2261979527098366,0.3287651413309256,587.7811881747573,19.59270627249191,20778.72
1630259,Jordan Ford,0.36402069546094584,-0.045018925022438656,0.3190017704385072,1.843627157866784,0.061454238595559464,65.4
203914,Gary Harris,-0.4410703081023193,0.7582876406111863,0.31721733250886697,294.2684923629482,9.808949745431608,10445.36
1629655,Daniel Gafford,0.1454572395027364,0.16861102730863706,0.31406826681137345,499.5398911966744,16.651329706555813,17751.52
1642364,Jamir Watkins,-0.019079160811180336,0.3307785036899607,0.31169934287878037,125.74594269196197,4.191531423065399,4472.24
203469,Cody Zeller,0.151322659591862,0.15833815015864405,0.309660809750506,36.581783742951586,1.2193927914317195,1302.0
1630846,Olivier Sarr,0.31747280129068645,-0.008151621503403195,0.30932117978728324,11.129406785845301,0.3709802261948434,396.15999999999997
1642854,Asa Newell,0.5202259797503795,-0.23179913681702868,0.28842684293335086,57.15159657276195,1.905053219092065,2049.6
1642505,Alex Ducas,-0.10892904347152298,0.3958159415033207,0.28688689803179773,14.325713410642653,0.47752378035475507,514.04
1627746,Skal Labissiere,0.01585769350854474,0.26946221672746046,0.2853199102360052,6.177839560903459,0.20592798536344864,221.79999999999998
1631104,Blake Wesley,0.4833200151031675,-0.20362789427005196,0.27969212083311557,195.34008409942638,6.511336136647546,7027.4
1642949,Yanic Konan Niederhäuser,0.11532494307096121,0.164032106061711,0.27935704913267223,43.57364807348238,1.452454935782746,1567.76
1642955,Kadary Richmond,0.09341937438112,0.18164080623316392,0.27506018061428394,9.088877103547903,0.30296257011826344,327.52
1630215,Jared Butler,-0.8057039732969796,1.0744263290946114,0.2687223557976318,177.88044395951695,5.9293481319838985,6424.639999999999
1642885,Mohamed Diawara,0.6388338056120386,-0.37666920421874917,0.26216460139328945,73.82934519772095,2.4609781732573652,2672.88
1629011,Mitchell Robinson,-0.701298168271454,0.960498044517836,0.2591998762463821,302.0617509321469,10.068725031071562,10947.439999999999
1628960,Grayson Allen,1.3833854416957907,-1.124188887808343,0.25919655388744767,583.2500043469443,19.441666811564808,21138.4
1642366,Quinten Post,0.11589645552076033,0.13990570002653335,0.2558021555472937,222.4869312259552,7.416231040865173,8073.4
1631262,Jules Bernard,-0.02499282453694882,0.278701478294405,0.25370865375745616,19.12395585861478,0.6374651952871594,694.48
1641796,Pelle Larsson,0.5551451351128353,-0.30265438454076443,0.2524907505720708,282.5552865055256,9.418509550184186,10265.439999999999
1642389,Zyon Pullin,0.09829227016984526,0.1528169370685978,0.2511092072384431,5.113761794414817,0.1704587264804939,185.88
1630207,Nate Hinton,0.25341220636673084,-0.005672476153090193,0.24773973021364065,6.318702283599289,0.21062340945330962,229.96
1627759,Jaylen Brown,1.0063835770204244,-0.763602151390876,0.2427814256295484,831.0847142171582,27.702823807238605,30300.8
1641789,Jazian Gortman,0.09280054292667055,0.14620667656180109,0.23900721948847164,4.082216359925619,0.1360738786641873,149.04000000000002
1627853,Ryan Arcidiacono,-0.07024586483087711,0.297101203022765,0.22685533819188788,3.3878450721696014,0.11292816907232005,124.24000000000001
1642261,Dalton Knecht,0.40123772280581554,-0.17567528911438443,0.2255624336914311,208.73556364679808,6.957852121559936,7658.4400000000005
1630193,Immanuel Quickley,0.36687714610451616,-0.14176324030329543,0.22511390580122073,521.5508300667971,17.385027668893237,19138.68
1629639,Tyler Herro,2.005730982844109,-1.7839474381005003,0.22178354474360873,555.8382806538682,18.52794268846227,20421.84
1629139,Yuta Watanabe,-0.2769319774260299,0.4972713573210669,0.22033937989503705,43.29039275589766,1.4430130918632555,1591.3600000000001
1642449,Tolu Smith,-0.20596838699966868,0.4232357093669023,0.21726732236723362,16.512290064561203,0.5504096688187068,607.68
1630550,JT Thor,-0.6282696871183349,0.8395496599488393,0.21127997283050448,77.69443890143094,2.589814630047698,2865.6000000000004
1631246,Vince Williams Jr.,-0.003010667675232625,0.2135324006266997,0.2105217329514671,133.77075277331397,4.459025092443799,4935.24
1631245,Quenton Jackson,0.055559421143069054,0.1543720650194433,0.20993148616251237,146.77747709872295,4.8925825699574315,5416.280000000001
1628389,Bam Adebayo,0.020435521039296575,0.18470877754641643,0.205144298585713,792.3865397108493,26.41288465702831,29291.840000000004
1631099,Keegan Murray,-0.0607168304046487,0.2651700306349713,0.2044532002303226,554.4756493614615,18.48252164538205,20502.32
1630197,Aleksej Pokusevski,0.2659067864003212,-0.06168490381133088,0.20422188258899035,38.597899774569186,1.2865966591523061,1427.3200000000002
1630581,Josh Giddey,1.2126885862642707,-1.0124747255039053,0.2002138607603654,655.9618731089712,21.86539577029904,24292.96
1642400,Tristan Enaruna,0.24432210427550957,-0.04450437684397024,0.19981772743153933,10.044401873136298,0.33481339577120994,372.03999999999996
1642050,Jackson Rowe,-0.07271836657888905,0.2700675753207013,0.19734920874181225,6.807030463180838,0.22690101543936125,252.36
1631200,Kris Murray,-1.6297033377517622,1.8191133592188446,0.1894100214670824,373.51171836539993,12.450390612179998,13888.240000000002
1642878,Tyrese Proctor,0.04858390831797814,0.13918590916991508,0.18776981748789323,63.01207560118617,2.100402520039539,2344.4
1629717,Armoni Brooks,0.18349355986467997,0.003987887389762026,0.187481447254442,12.658037616568421,0.4219345872189474,471.0
200768,Kyle Lowry,-1.004295050890331,1.1905128490731498,0.1862177981828188,287.293142489891,9.576438082996367,10695.08
1641813,Mark Sears,0.1727052199641413,0.013040028922189363,0.18574524888633065,1.970262714583012,0.06567542381943374,73.36
1629216,Gabe Vincent,-0.26953874955952845,0.45471018709700806,0.1851714375374796,284.5862837045472,9.48620945681824,10598.439999999999
201572,Brook Lopez,0.7421751977176236,-0.566538483043832,0.1756367146737916,665.2168000021979,22.1738933334066,24862.0
1642266,Ja'Kobe Walter,-0.8838033770709557,1.0582692157878908,0.1744658387169351,282.0748422231396,9.40249474077132,10546.96
1630678,Terry Taylor,0.031858327595383124,0.14098552309820528,0.1728438506935884,14.695295491113347,0.48984318303711155,549.8
1642905,Yang Hansen,-0.15223776425770538,0.3247433539925107,0.17250558973480531,28.636431895126385,0.9545477298375462,1071.52
1629726,Garrison Mathews,-0.2027109968000804,0.37068842658630335,0.16797742978622296,210.46286595320024,7.015428865106674,7888.48
1627741,Buddy Hield,0.9538657080426616,-0.7909617327022421,0.16290397534041945,548.11617686022,18.270539228674,20583.4
1630181,R.J. Hampton,0.10038334547662868,0.061881237879778346,0.16226458335640703,9.19120224757966,0.30637340825265535,345.24
1642886,Koby Brea,0.18338217465543866,-0.02288995082998588,0.16049222382545278,8.26561724098092,0.275520574699364,310.68000000000006
1642352,Keshad Johnson,-0.056689202164320995,0.2164311964942782,0.1597419943299572,39.609941676359455,1.320331389211982,1489.2399999999998
1629678,Admiral Schofield,-0.12426411386295325,0.2803814073972853,0.15611729353433204,7.445627997235439,0.24818759990784797,280.32
1629048,Goga Bitadze,-0.7403323513613803,0.8950153761187553,0.15468302475737494,324.0369812411447,10.801232708038157,12206.240000000002
1628408,PJ Dozier,0.10960787896336051,0.038602996858173394,0.14821087582153392,2.9893004366273477,0.09964334788757825,112.88
1641732,Colby Jones,-0.17757482899603094,0.3250043319857443,0.14742950298971336,66.02477386096106,2.2008257953653687,2493.92
1630552,Jalen Johnson,0.023484843098220114,0.11943470122565171,0.14291954432387183,659.2931950166734,21.976439833889113,24945.64
1630196,Filip Petrusev,0.06712331140032109,0.07551876122006929,0.14264207262039036,1.0855973634324563,0.03618657878108188,41.08
1642877,Micah Peavy,0.0875518416004155,0.048992551826496485,0.136544393426912,101.22010311693126,3.3740034372310417,3839.12
1630551,Justin Champagnie,0.3167873797043597,-0.18090600602052073,0.13588137368383899,301.4088176705491,10.046960589018305,11434.84
1641725,Trey Alexander,-0.13704576426691417,0.27019047192527074,0.13314470765835656,21.81823704765714,0.727274568255238,828.5999999999999
1642278,Tyler Kolek,-0.5619036727394625,0.692549322357999,0.13064564961853653,106.09604356563528,3.536534785521176,4033.08
1627763,Malcolm Brogdon,-0.24183154359933626,0.3712757880886789,0.12944424448934264,154.48195291914445,5.149398430638148,5875.08
1641857,Liam Robbins,-0.22978059382702035,0.35699349341708647,0.12721289959006613,5.809293163573554,0.1936431054524518,221.12
1641761,Grant Nelson,0.1356179164583954,-0.009346161250460823,0.1262717552079346,3.7482150490327637,0.12494050163442545,142.72
1630249,Vít Krejčí,1.0116416089017866,-0.8958701681934713,0.11577144070831524,309.8464976205102,10.32821658735034,11845.32
1630200,Tre Jones,0.5193220421207724,-0.4075889023173543,0.11173313980341809,510.5123427576063,17.017078091920208,19546.879999999997
1630619,Moussa Cisse,-0.36553721242346854,0.47621995015526924,0.1106827377318007,54.98515554901209,1.832838518300403,2106.16
203995,Vasilije Micic,0.1951764182705005,-0.08471355420221627,0.11046286406828423,188.98498113679628,6.299499371226543,7239.52
1628418,Thomas Bryant,-0.21365833282615262,0.3236877547649575,0.11002942193880486,228.92568059825254,7.630856019941751,8771.0
1642385,Cui Cui,0.012721617150953442,0.09617005067740542,0.10889166782835885,0.7847546136827702,0.02615848712275901,30.08
1631205,Buddy Boeheim,-0.18666082643705595,0.2942522038792915,0.10759137744223557,10.630628527556505,0.3543542842518835,407.67999999999995
201577,Robin Lopez,0.08856157014195198,0.011701135444187716,0.1002627055861397,7.13824117937507,0.23794137264583567,274.52
201580,JaVale McGee,-0.20118404292978714,0.3006562489729872,0.09947220604320006,32.15963034428405,1.0719876781428015,1237.1599999999999
1641739,Toumani Camara,-1.2009142230081868,1.2933850629896277,0.0924708399814409,659.0786767068017,21.969289223560057,25422.800000000003
1642857,Kasparas Jakučionis,0.2716639207320892,-0.17923441521829922,0.09242950551379,96.21646563944103,3.207215521314701,3711.4400000000005
1631323,Simone Fontecchio,-0.11750248098025147,0.20931573518418498,0.0918132542039335,420.2863638511065,14.00954546170355,16215.92
1630264,Anthony Gill,0.060807299298106264,0.029154955893385147,0.08996225519149141,196.0383870350523,6.53461290116841,7569.16
1630243,Trevelin Queen,-0.25089566342166136,0.33949851538292614,0.08860285196126477,58.98286914364859,1.9660956381216197,2278.56
1642419,Jamison Battle,-0.5385164392708318,0.6244278143473289,0.08591137507649704,163.6923275005424,5.456410916684747,6330.16
1629010,Jerome Robinson,-0.21446016958005584,0.29765203037269866,0.08319186079264282,6.485878124078167,0.21619593746927224,251.07999999999998
1642884,Vladislav Goldin,-0.04412568114394465,0.12593878004556586,0.08181309890162121,2.168723003077362,0.0722907667692454,84.0
1627788,Furkan Korkmaz,-0.21866308261898815,0.29625629734434333,0.07759321472535519,32.010614615031244,1.067020487167708,1241.88
1630828,Alex Antetokounmpo,0.009051890937249181,0.06836278318300554,0.07741467412025471,1.2763357466243501,0.042544524887478334,49.519999999999996
204001,Kristaps Porziņģis,0.5802587184309811,-0.504157496430418,0.07610122200056313,395.3789851121577,13.179299503738589,15347.960000000001
1641707,Taylor Hendricks,-0.3219473640985359,0.3912536905128262,0.0693063264142903,188.10611021450416,6.270203673816805,7321.28
1642920,Kobe Sanders,-0.42470374671440764,0.4934627040204619,0.06875895730605425,125.74588847804597,4.191529615934866,4895.2
1642490,Josh Oduro,0.2303443880816784,-0.1635295950945956,0.06681479298708279,10.741606545692342,0.35805355152307805,418.4799999999999
1630625,Dalano Banton,-0.5514142631238274,0.6114290476254316,0.060014784501604246,216.03452763452137,7.201150921150712,8438.8
1630563,Joshua Primo,0.026589502864943056,0.031238128790284647,0.0578276316552277,1.3433710721453256,0.04477903573817752,52.519999999999996
1631257,Jermaine Samuels Jr.,0.2678429983474443,-0.21072448289883863,0.05711851544860566,5.866029874439102,0.19553432914797006,229.4
203490,Otto Porter Jr.,-0.18624581490057301,0.24153784082007745,0.05529202591950444,16.62268568701156,0.5540895229003854,650.52
1642272,Jared McCain,0.10506327993172451,-0.05335949185150804,0.05170378808021647,185.650740124049,6.188358004134967,7275.56
1631116,Patrick Baldwin Jr.,-0.07609967942073417,0.1222821487262704,0.046182469305536225,73.9054923540625,2.4635164118020834,2902.6000000000004
1641766,Adama Sanogo,0.05354761417368718,-0.007942193989499639,0.04560542018418755,10.09077988561012,0.3363593295203373,396.4
1630186,Jahmi'us Ramsey,-0.24084463605296663,0.2855594787794141,0.04471484272644749,14.461105508245856,0.48203685027486187,568.28
1642404,Chaz Lanier,0.13468362416619295,-0.09121367064429822,0.04346995352189473,24.668606385218155,0.8222868795072719,969.88
1642843,Cooper Flagg,-0.5789429711383314,0.620754246287728,0.04181127514939664,221.34905963608992,7.378301987869664,8708.32
1627863,Danuel House Jr.,-0.8748611343403984,0.9163761869415344,0.04151505260113608,46.83707260137582,1.561235753379194,1842.88
1643024,Chris Mañon,-0.12285871193872831,0.1641888868448014,0.04133017490607309,4.939329327947443,0.16464431093158144,194.35999999999999
1629603,Mamadi Diakite,-0.39264703770592646,0.4325950693800738,0.039948031674147344,2.8609974628777595,0.09536658209592531,112.63999999999999
1628420,Monte Morris,-0.9530293040290538,0.9873225654743344,0.034293261445280554,112.88857275512314,3.7629524251707713,4454.44
1642461,Spencer Jones,-0.2078014158701581,0.2415835647039358,0.0337821488337777,172.7664425746609,5.7588814191553634,6818.52
1642867,Collin Murray-Boyles,-1.0828330002976732,1.116369711050164,0.03353671075249087,122.64749875284377,4.0882499584281256,4840.959999999999
1628984,Devonte' Graham,-0.2608877238874467,0.2905427058519559,0.02965498196450922,28.09131264371948,0.9363770881239827,1110.48
1641747,DaRon Holmes II,0.3305253263543831,-0.3032333905159314,0.027291935838451686,21.97429792372817,0.7324765974576056,869.48
1631167,Izaiah Brockington,-0.006281380734392453,0.03240700277276865,0.0261256220383762,0.625468704016702,0.02084895680055673,24.759999999999998
1630175,Cole Anthony,-1.7562753967996567,1.7818171733126393,0.025541776512982617,350.5078205617096,11.683594018723653,13878.52
202330,Gordon Hayward,0.6275177600926111,-0.6036194531082529,0.02389830698435813,112.69407852549718,3.756469284183239,4465.08
1629623,Lindell Wigginton,0.007951087453196122,0.015040753928620025,0.022991841381816147,0.5853341072005813,0.019511136906686044,23.200000000000003
201980,Danny Green,0.03675061153162903,-0.014154171974106846,0.022596439557522184,2.1058635077426193,0.07019545025808731,83.48
1630568,Luka Garza,0.5704330980799619,-0.5485018345383014,0.02193126354166053,138.61139487928213,4.620379829309404,5496.24
1642918,Alijah Martin,0.06216800978562901,-0.04150271662934888,0.02066529315628013,7.380507978361587,0.2460169326120529,292.79999999999995
1630534,Ochai Agbaji,-0.9193031029648774,0.9398806824830285,0.02057757951815109,419.01980858806564,13.96732695293552,16623.96
1630541,Moses Moody,-0.808221883735204,0.8275588113170992,0.019336927581895202,465.2771901944506,15.509239673148354,18468.239999999998
1643257,Jayson Kent,-0.05164228510651852,0.07015883990037224,0.018516554793853716,1.715613477125573,0.05718711590418577,68.12
1630554,Jason Preston,0.024680668361996897,-0.013672495369797545,0.011008172992199352,6.2845512553648755,0.20948504184549585,250.27999999999997
203925,Joe Harris,-0.37092241927343744,0.36994695566092034,-0.0009754636125171023,16.28564309872995,0.542854769957665,651.68
1628427,Vlatko Cancar,-0.5120040893282369,0.5061867826126224,-0.005817306715614534,13.626218889951254,0.4542072963317085,546.3199999999999
1641847,Andrew Funk,-0.01154599449928132,0.003186963818907605,-0.008359030680373716,1.3494727489835094,0.04498242496611698,54.16
1641771,Jalen Slawson,-0.2478998423068042,0.23876137066383255,-0.009138471642971657,34.33403530687328,1.1444678435624427,1378.4
1631211,Trevor Keels,-0.15823334647684867,0.14866693562106353,-0.009566410855785135,1.4982448472291596,0.049941494907638655,60.160000000000004
1631376,Dmytro Skapintsev,-0.03281399087276821,0.016916296930156616,-0.015897693942611597,0.07154214641445278,0.0023847382138150928,2.88
1630537,Chris Duarte,-0.01861580102565673,0.0008438532331689987,-0.01777194779248773,70.49527668269334,2.349842556089778,2840.0
1630559,Austin Reaves,1.0867197806136268,-1.1046659570187425,-0.017946176405115644,667.9296193231484,22.264320644104945,26910.36
1630590,Scotty Pippen Jr.,-0.577877198932675,0.5579998640119312,-0.019877334920743728,186.86434617586355,6.228811539195451,7534.48
1641869,Malachi Smith,0.27910732808428657,-0.30236505719263845,-0.023257729108351888,34.893335809229896,1.1631111936409966,1408.8400000000001
1631222,Jake LaRavia,-0.3157728827878569,0.28915192790067645,-0.02662095488718047,327.4724175180832,10.915747250602774,13239.880000000001
1641817,Anton Watson,-0.07852837607685269,0.048614575131142874,-0.029913800945709813,2.2388861308228085,0.07462953769409361,90.64
1641735,Amari Bailey,-0.07030860867709836,0.04034146886431929,-0.02996713981277907,5.235481650452835,0.17451605501509448,211.96000000000004
1628969,Mikal Bridges,0.861986543472032,-0.8920663197706128,-0.03007977629858083,901.747126343509,30.058237544783633,36509.159999999996
1642935,Chucky Hepburn,-0.13368587273877394,0.10353349802420866,-0.030152374714565278,0.6224016015719296,0.020746720052397652,25.2
201949,James Johnson,-0.14751192577392036,0.1173251691995558,-0.030186756574364565,6.626014969462294,0.22086716564874315,268.28
1642280,Trentyn Flowers,-0.16856257308521544,0.13536245446194262,-0.03320011862327282,3.216707045315252,0.10722356817717507,130.39999999999998
1628977,Hamidou Diallo,-0.09589843657225997,0.061677445173638566,-0.0342209913986214,0.5197862150131707,0.01732620716710569,21.080000000000002
1643133,Lawson Lovering,-0.05114302783823122,0.012702971390898722,-0.0384400564473325,1.8904780366484486,0.06301593455494829,76.8
1627826,Ivica Zubac,0.17535787937800787,-0.22053827432822568,-0.045180394950217806,531.2219806049309,17.707399353497696,21639.96
1629012,Collin Sexton,0.6187291717618494,-0.6640917256049561,-0.04536255384310672,508.935691391364,16.9645230463788,20733.64
1642368,N'Faly Dante,0.10088082857562543,-0.14645613952886732,-0.045575310953241896,3.975186226380129,0.1325062075460043,161.95999999999998
1642384,Isaiah Crawford,-0.3813351734701238,0.3328465289844044,-0.04848864448571938,11.44659682116728,0.3815532273722427,466.91999999999996
1630762,Phillip Wheeler,0.015007957110060945,-0.06689036353121981,-0.051882406421158864,4.148090450559988,0.13826968168533293,169.44
1631223,David Roddy,-0.3202671750577691,0.2676293150030298,-0.052637860054739305,90.04334785286605,3.0014449284288682,3679.2000000000003
1641879,Yuri Collins,-0.1392896010663008,0.08649528287370573,-0.052794318192595086,2.007687541354795,0.06692291804515983,82.03999999999999
1642866,Joan Beringer,-0.21743040054297708,0.16293105133665267,-0.054499349206324404,28.411826560920918,0.9470608853640307,1161.8
1630604,E.J. Liddell,0.3425355553951787,-0.39718750579561324,-0.054651950400434524,39.614638403512956,1.3204879467837651,1620.0
1629685,Dylan Windler,-0.030602520302349178,-0.026052549013607186,-0.05665506931595636,6.425019829726762,0.21416732765755872,262.96
1641740,Jaylen Clark,-0.6982981700850177,0.6380382908081549,-0.06025987927686283,134.32135619048475,4.477378539682825,5505.5599999999995
1643141,Jahmyl Telfort,-0.06427050887463653,0.0012252871909965652,-0.06304522168363996,2.2663679438342146,0.07554559812780716,93.0
1630177,Theo Maledon,-0.5095499008229891,0.4455236285936815,-0.06402627222930762,16.18948139476402,0.5396493798254673,664.5999999999999
1642530,Yuki Kawamura,0.19128389084216446,-0.2604196210146938,-0.06913573017252933,31.39898760050747,1.0466329200169158,1291.6799999999998
1641779,Jalen Bridges,-0.2110056120168906,0.1377111003853611,-0.0732945116315295,1.8365307135972584,0.06121769045324195,75.67999999999999
1642967,John Poulakidas,-0.08846428617111664,0.006520288543862941,-0.0819439976272537,23.19592761956128,0.7731975873187094,959.28
1642950,Lachlan Olbrich,-0.2721746424213481,0.1879672422774638,-0.08420740014388428,35.56916392324151,1.1856387974413838,1472.3600000000001
1629232,Kaiser Gates,-0.10619451264254869,0.02021784423326195,-0.08597666840928674,0.9434003179856508,0.03144667726618836,39.08
1642910,John Tonje,-0.04705298730456424,-0.03998044004964353,-0.08703342735420777,0.7306462781971459,0.024354875939904864,30.28
1642863,Khaman Maluach,-0.5573399161780362,0.46813552959514154,-0.0892043865828947,42.435788705613255,1.4145262901871085,1760.24
201152,Thaddeus Young,0.21447621426879895,-0.3063069413417446,-0.09183072707294562,36.16203306998182,1.2054011023327271,1501.6399999999999
1630929,Henri Drell,-0.022279680286521126,-0.07262297792429981,-0.09490265821082093,3.15163955668054,0.10505465188935134,131.04
1642876,Adou Thiero,0.3625454090220246,-0.459069149470977,-0.0965237404489524,12.73457861360527,0.42448595378684234,529.8399999999999
1642504,Cormac Ryan,0.13359055642842943,-0.23086599693721968,-0.09727544050879025,16.947857952827196,0.5649285984275731,705.3599999999999
1631197,Jared Rhoden,0.14015834616741138,-0.2413034593691766,-0.10114511320176522,45.710659638917726,1.5236886546305908,1905.52
203994,Jusuf Nurkić,-0.3957522514205811,0.2930862722699545,-0.10266597915062664,386.5259999159778,12.88419999719926,16123.16
1630695,Micah Potter,0.6201042219629866,-0.7268908013990243,-0.10678657943603764,170.80268454028177,5.693422818009393,7136.96
1630222,Mason Jones,-0.3898091362600081,0.281008166696576,-0.1088009695634321,4.983258779429807,0.16610862598099357,208.39999999999998
1630811,Keaton Wallace,-0.6833476425135498,0.5733824804070051,-0.10996516210654472,105.07166755740722,3.5023889185802406,4396.24
1630618,D.J. Carton,-0.3786536626565338,0.26610443290860036,-0.11254922974793341,8.066718662527682,0.26889062208425607,337.88
1642402,Enrique Freeman,-0.17707550997833701,0.06004971659658136,-0.11702579338175566,20.940624138078483,0.6980208046026161,878.76
1626158,Richaun Holmes,-0.37884884875595637,0.25966056841331586,-0.1191882803426405,101.60256862340961,3.386752287446987,4267.5599999999995
1641803,Tristen Newton,-0.09286399829361842,-0.027101909248219112,-0.11996590754183753,2.93029797463449,0.097676599154483,123.12
1631209,Isaiah Wong,-0.7989040712115728,0.677269488348482,-0.12163458286309081,22.377564536757756,0.7459188178919252,940.8800000000001
1629003,Shake Milton,-0.7740478183925588,0.6519844267882976,-0.12206339160426116,130.29475617114937,4.3431585390383125,5479.32
1630586,Usman Garuba,-0.10083067910421312,-0.027962060310858475,-0.12879273941507158,0.4571687598407742,0.01523895866135914,19.28
1641970,Maozinha Pereira,-0.00583214250886041,-0.12742645647044873,-0.13325859897930914,3.9751788571543516,0.13250596190514505,167.95999999999998
1630649,Stanley Umude,-0.5090297816990563,0.3725574376842746,-0.13647234401478175,38.17097164416127,1.2723657214720423,1615.0
201144,Mike Conley,0.23168987924629264,-0.3703589685632881,-0.13866908931699545,475.2084004513119,15.84028001504373,20124.6
202691,Klay Thompson,1.0235287902190688,-1.164997786238704,-0.14146899601963514,531.9978005570238,17.73326001856746,22556.32
1630231,KJ Martin,-0.6796669304399143,0.5377144818331068,-0.14195244860680756,145.81411482599057,4.860470494199686,6183.68
1641815,Isaiah Stevens,-0.06533330694085732,-0.08129618753002454,-0.14662949447088186,2.450329370356918,0.08167764567856393,104.12
1641750,Ryan Kalkbrenner,-0.5057432918391053,0.35827399060033743,-0.14746930123876784,127.20039386974035,4.240013128991345,5406.960000000001
1626246,Boban Marjanovic,0.0754488404759816,-0.2281779402512197,-0.1527290997752381,6.564847253748614,0.21882824179162047,279.68
1642951,Sean Pedulla,0.057241672296782425,-0.21704258872051227,-0.15980091642372984,2.6612743978429343,0.08870914659476448,113.72
1642264,Stephon Castle,-0.5128410365747813,0.35298094246229067,-0.15986009411249064,415.96454855131657,13.865484951710553,17775.2
1630240,Saben Lee,-0.48977099854085127,0.32880515326484744,-0.16096584527600383,14.749949379689522,0.49166497932298403,630.6000000000001
1630192,Zeke Nnaji,-1.4651637204989256,1.3040691882078503,-0.1610945322910753,173.74044707672851,5.7913482358909505,7428.280000000001
1642282,Hunter Sallis,-0.13707816278353474,-0.024046362251295698,-0.16112452503483043,2.7673574619787895,0.09224524873262632,118.32000000000002
1630562,Matt Hurt,-0.32819853584039455,0.16292589643437175,-0.1652726394060228,5.650974103581663,0.1883658034527221,242.04
202738,Isaiah Thomas,-0.10032896851498631,-0.06753251218092328,-0.1678614806959096,0.6343416772507126,0.021144722575023752,27.2
1630168,Onyeka Okongwu,0.24774731400006508,-0.41731550680151436,-0.16956819280144927,590.2573611635862,19.67524537211954,25328.24
1630585,Marcus Garrett,-0.21050014548291196,0.0384284570648507,-0.17207168841806125,8.28928713188097,0.276309571062699,356.08000000000004
1642271,Kyle Filipowski,0.8555423110206,-1.0285536058064457,-0.17301129478584576,313.6185065520145,10.453950218400482,13477.439999999999
1642939,Miles Kelly,-0.4186229711096628,0.2425597759983475,-0.1760631951113153,13.538326250559521,0.45127754168531736,582.56
1631095,Jabari Smith Jr.,-0.7532823757861622,0.5764349832143739,-0.17684739257178828,601.4930171554961,20.049767238516537,25891.24
203552,Seth Curry,-0.1889339166075797,0.0068943510465676126,-0.18203956556101208,162.28690030429001,5.409563343476334,7001.280000000001
1631216,Caleb Houstan,0.31192345352946677,-0.49505070118198097,-0.1831272476525142,148.63665455410057,4.954555151803352,6415.4
1642855,Noa Essengue,-0.0734243677357492,-0.10997856016320945,-0.18340292789895865,0.6996123157745144,0.023320410525817147,30.2
1627814,Damion Lee,-0.20777871254684796,0.023653078949064835,-0.1841256335977831,12.207436960179367,0.4069145653393122,527.12
1630536,Sharife Cooper,0.5827770571244197,-0.7713601960632804,-0.1885831389388607,71.03076470715322,2.3676921569051075,3073.04
1642362,Payton Sandfort,0.2555166065889969,-0.4473760162449167,-0.1918594096559198,6.3898564103085524,0.21299521367695176,276.84000000000003
1629098,Jack McVeigh,-0.2510407677771565,0.057365007175636876,-0.19367576060151964,3.4133598743097506,0.11377866247699168,148.0
1641780,Johni Broome,-0.30438205677955327,0.10837256019892584,-0.19600949658062744,5.618050443537798,0.1872683481179266,243.83999999999997
1626174,Christian Wood,-0.8442934325242852,0.6460026708762029,-0.19829076164808235,70.0216777654467,2.33405592551489,3042.16
1642276,Kel'el Ware,0.362491506897266,-0.5647292813658622,-0.2022377744685962,289.8700575899083,9.662335252996943,12615.32
1630535,Greg Brown III,-0.138339456528504,-0.06751410864349512,-0.2058535651719991,4.51029189087185,0.15034306302906167,196.6
1629052,Oshae Brissett,-0.14666369143295502,-0.06781374864616166,-0.21447744007911668,71.3448722304903,2.3781624076830097,3121.6
1641749,Keyontae Johnson,-0.08406766812881646,-0.13284747299760338,-0.21691514112641985,5.022786689521876,0.16742622298406254,220.0
1641890,Tyler Smith,-0.3500700232145779,0.13023558935547166,-0.21983443385910625,27.401205641428348,0.913373521380945,1201.7199999999998
1641755,Kevin McCullar Jr.,-0.48431842877823644,0.25913390225022315,-0.2251845265280133,17.717172833589224,0.5905724277863075,778.84
1630245,Ayo Dosunmu,-0.15026462654715664,-0.07526464544104057,-0.22552927198819722,511.0517376652632,17.03505792217544,22469.04
1629669,Jaylen Nowell,-0.07026077801515453,-0.15779407647892302,-0.22805485449407753,18.300063758021107,0.6100021252673702,805.48
1641737,Adem Bona,-1.073252715408325,0.8451540660600737,-0.2280986493482512,199.39842022292217,6.646614007430739,8776.720000000001
1641754,Seth Lundy,-0.21642218272624592,-0.013803469327340107,-0.23022565205358603,2.749150690232696,0.09163835634108987,121.11999999999999
1630204,Ashton Hagans,-0.4554029174315048,0.22479121611685737,-0.23061170131464742,23.61253137016136,0.7870843790053786,1040.48
1629716,Marques Bolden,0.043770982678676226,-0.2768782393735156,-0.23310725669483934,11.374361028807975,0.3791453676269325,501.76
1630163,LaMelo Ball,1.9971842144058876,-2.2321856272240868,-0.2350014128181992,335.73349258247936,11.191116419415978,14822.68
1630570,Trendon Watford,-1.6241883075609496,1.3882484304440932,-0.23593987711685638,237.31697083251274,7.910565694417091,10481.919999999998
1642359,Pacôme Dadiet,-0.3778794993218584,0.14058309150829698,-0.2372964078135614,23.730330193414492,0.7910110064471497,1048.76
1631386,Taze Moore,-0.5403025984728634,0.30289947429805963,-0.2374031241748038,6.375092957325072,0.2125030985775024,281.76
1631210,Jacob Toppin,-0.1494418502736817,-0.08881065996840977,-0.2382525102420915,7.845549692472233,0.2615183230824078,346.88
1629718,Charlie Brown Jr.,-0.11290024806642125,-0.12549791429711427,-0.2383981623635355,2.476001691844401,0.0825333897281467,109.47999999999999
1631321,Sidy Cissoko,-0.9137601422008349,0.666917669014941,-0.24684247318589392,130.16310779802944,4.338770259934315,5776.92
203967,Dario Saric,-0.4083465319473474,0.15853609952537245,-0.24981043242197493,122.69653658924048,4.089884552974683,5452.719999999999
203482,Kelly Olynyk,0.44396417572996805,-0.6988968469715106,-0.2549326712415425,263.8474966911459,8.79491655637153,11752.32
1630587,Isaiah Livers,-0.18244481812538382,-0.07680371237795515,-0.25924853050333896,69.17827196747652,2.305942398915884,3087.2799999999997
203901,Elfrid Payton,-0.4144778373178589,0.14886779096482264,-0.2656100463530363,47.29220400291018,1.5764068000970062,2116.5600000000004
1630574,Ariel Hukporti,-0.7891346702397978,0.5217345948751884,-0.2674000753646094,70.42066682284948,2.3473555607616494,3154.2
1629647,Darius Bazley,-0.018491342262653566,-0.2607743095345554,-0.27926565179720897,8.96643700430359,0.2988812334767863,403.76
1629637,Jaxson Hayes,-1.2542137907934177,0.9738416438739365,-0.2803721469194812,254.3187444479772,8.47729148159924,11457.72
203458,Alex Len,0.34298872988661233,-0.6237785220141104,-0.2807897921274981,59.95684602813295,1.9985615342710983,2701.72
1629673,Jordan Poole,0.11895606685501797,-0.4006113944125343,-0.2816553275575163,450.7711867917886,15.025706226392952,20320.16
1641854,Craig Porter Jr.,0.6927891551316663,-0.9761776190530698,-0.2833884639214035,210.17023940482818,7.005674646827606,9481.599999999999
1641790,PJ Hall,-0.5525663352808675,0.2662098143784967,-0.2863565209023708,21.24300828281249,0.7081002760937497,959.64
1641757,Jordan Miller,-0.2563832324998688,-0.032782430415761094,-0.28916566291562984,127.01420133296675,4.233806711098891,5745.08
1631102,TyTy Washington Jr.,-0.26996664766845274,-0.02192063336640549,-0.2918872810348582,17.64370386961907,0.5881234623206357,799.04
1631170,Jaime Jaquez Jr.,0.0839471444862271,-0.37991362713798155,-0.29596648265175446,502.2683821344222,16.74227940448074,22788.6
1629007,Jontay Porter,0.256502229753195,-0.553516159969494,-0.297013930216299,34.44060302057048,1.1480201006856825,1563.3600000000001
1642382,Branden Carlson,1.4493869956377008,-1.7471214049898744,-0.29773440935217366,58.80577670771452,1.9601925569238174,2670.2400000000002
1641801,Emanuel Miller,-0.13782621849863713,-0.1611093033929843,-0.2989355218916214,4.156490160459861,0.1385496720153287,188.83999999999997
1631112,Kendall Brown,-0.40833140941809304,0.10616138909676877,-0.3021700203213243,5.2747919512288215,0.17582639837429406,240.0
1629677,Luka Samanic,-0.524564235832047,0.22200873239744034,-0.3025555034346067,29.530138122644384,0.9843379374214795,1343.8400000000001
1629308,Juan Toscano-Anderson,-0.10696124328999926,-0.1984499133382252,-0.3054111566282245,1.4633518407603001,0.04877839469201,66.68
1641926,Dexter Dennis,-0.35126949335290236,0.04198568812784196,-0.3092838052250604,3.029322354134786,0.10097741180449286,138.28
1630530,Trey Murphy III,0.2753267227387655,-0.5920036149693995,-0.31667689223063394,497.8518149844881,16.595060499482937,22802.48
1630528,Josh Christopher,0.09787887106428043,-0.4177501573691049,-0.3198712863048245,6.287491210296886,0.20958304034322953,288.4
1642439,Quincy Olivari,-0.14877403108813006,-0.17296479916014545,-0.32173883024827554,1.0281392721228142,0.034271309070760474,47.2
201976,Patrick Beverley,-0.8870364853304191,0.5650834829889169,-0.32195300234150226,136.1018007896842,4.536726692989474,6248.8
203915,Spencer Dinwiddie,0.46241475426439005,-0.7845888153224508,-0.3221740610580608,368.43326765531475,12.281108921843826,16917.48
1630578,Alperen Sengun,0.8116172881799893,-1.135444305059264,-0.3238270168792746,575.9650920349827,19.19883640116609,26466.88
1642917,Max Shulga,-0.35503888357876123,0.02999116808238437,-0.32504771549637684,1.4528681260484202,0.04842893753494734,66.8
1641998,Trey Jemison III,-0.2784365753486107,-0.04999190212871942,-0.3284284774773301,67.65140195545324,2.255046731848441,3115.32
1641727,Dariq Whitehead,-0.1502527372352631,-0.17849505919239977,-0.3287477964276629,38.86715144570769,1.295571714856923,1790.08
1626168,Trey Lyles,0.07215099270986382,-0.4050120905133384,-0.3328610978034746,184.80580387927176,6.160193462642392,8527.64
1630296,Braxton Key,-0.16868956287707682,-0.16705892459310398,-0.3357484874701808,5.134470288325743,0.1711490096108581,237.24
1642484,RayJ Dennis,-1.1386486432126484,0.8020292749250202,-0.3366193682876282,23.888048935368012,0.7962682978456004,1104.2
1642265,Rob Dillingham,-0.7552069060164766,0.4077718790218029,-0.34743502699467366,132.08655289954203,4.402885096651401,6136.24
1631126,Caleb Love,-0.2888082118556316,-0.05935695612571252,-0.3481651679813441,79.59637043637008,2.653212347879003,3699.0
1641931,Onuralp Bitim,-0.20402905048645367,-0.14707786287655017,-0.3511069133630038,20.729941828169775,0.6909980609389925,964.68
1630692,Jordan Goodwin,-2.0136373037768407,1.6618793956490945,-0.3517579081277462,242.2374968731888,8.074583229106294,11276.08
1627824,Guerschon Yabusele,0.7786815808453671,-1.1323643564207422,-0.3536827755753751,239.15811862940757,7.971937287646919,11142.720000000001
203944,Julius Randle,0.17590935407909417,-0.53252595271516,-0.3566165986360659,579.0581744192016,19.30193914730672,27016.08
1642269,Devin Carter,-0.3532385355854865,-0.010275814897453522,-0.36351435048294,79.71911633755997,2.6573038779186655,3731.3199999999997
1631250,Pete Nance,0.4426878011599092,-0.8086105470745074,-0.3659227459145982,61.02095137241633,2.0340317124138774,2859.3599999999997
1628436,Luke Kornet,0.4796822809339947,-0.8460482180311657,-0.366365937097171,337.42057179007975,11.247352393002659,15814.359999999999
203471,Dennis Schröder,-0.05944251050689711,-0.30805704198236705,-0.36749955248926414,557.2343089370613,18.57447696456871,26130.559999999998
203078,Bradley Beal,1.149407551124203,-1.5186303872796745,-0.36922283615547147,287.65065556468363,9.588355185489455,13499.8
1628991,Jaren Jackson Jr.,-1.9034105101575032,1.5329842443960735,-0.3704262657614297,270.1151324508202,9.003837748360674,12684.0
1629117,Wenyen Gabriel,-0.47174265078876565,0.09516458035016537,-0.37657807043860025,5.5574198740480965,0.18524732913493655,261.72
1627734,Domantas Sabonis,0.8338244056037294,-1.2119276239810048,-0.37810321837727545,447.7940629303953,14.92646876434651,21103.48
1642450,Daniss Jenkins,-1.8958153066144836,1.516930454236701,-0.3788848523777826,137.85975790455836,4.595325263485279,6499.4
203926,Doug McDermott,1.057305288638392,-1.4368573812951468,-0.3795520926567548,133.39398513431183,4.446466171143728,6290.84
1642355,Bronny James,-0.13086190195919462,-0.24980318049827283,-0.38066508245746744,42.4596034720141,1.4153201157338033,2003.4399999999998
202083,Wesley Matthews,-0.3920140421623423,0.005278736620359517,-0.3867353055419828,36.21628502774372,1.2072095009247907,1713.7600000000002
1643158,Andersson Garcia,-0.45039478018461776,0.060988342130465806,-0.389406438054152,17.071324966442795,0.5690441655480931,808.84
1641752,Bobi Klintman,-0.27392369890594587,-0.11552780533915957,-0.38945150424510544,9.506754644278345,0.31689182147594486,450.43999999999994
1631173,Terquavion Smith,0.051584701151671776,-0.4412065792682652,-0.3896218781165934,7.224246386831277,0.2408082128943759,342.31999999999994
1641807,Norchad Omier,-0.06139412891256407,-0.3309078209309251,-0.39230194984348915,2.124559634557763,0.07081865448525876,100.8
1641936,Miles Norris,-0.3620308401484357,-0.03228437215217207,-0.39431521230060773,3.184637672916561,0.1061545890972187,151.24
1628385,Harry Giles III,-0.24244318083600663,-0.15205390534466326,-0.3944970861806699,7.823206626587103,0.2607735542195701,371.56
1626145,Tyus Jones,1.3547803789468076,-1.7510968970952685,-0.3963165181484609,414.86068766880015,13.828689588960005,19720.68
1641824,Matas Buzelis,0.0059285868347674605,-0.4040521269030869,-0.39812354006831946,330.1181945451179,11.003939818170597,15705.880000000001
201565,Derrick Rose,-0.40787402487736735,-0.003356377102108618,-0.41123040197947597,11.7647858838908,0.3921595294630267,563.24
1630623,Tyson Etienne,-0.2375013789937256,-0.1759680718482892,-0.4134694508420148,43.21622073416018,1.4405406911386727,2071.2
203937,Kyle Anderson,-2.526350154425363,2.1100098378396104,-0.41634031658575266,286.537378488267,9.5512459496089,13751.64
1642859,Jase Richardson,-0.5525908664229107,0.13602735739855293,-0.41656350902435774,37.263511702993945,1.2421170567664648,1788.56
201935,James Harden,0.1655998681222703,-0.5926433280840144,-0.42704345996174414,653.9597455989486,21.79865818663162,31547.2
1642856,Egor Dëmin,-0.35635427937781994,-0.07775383341309042,-0.4341081127909103,98.37363988512244,3.2791213295040813,4761.8
1630600,Isaiah Mobley,-0.051702158058958794,-0.38336342913998234,-0.4350655871989411,5.614143681523518,0.1871381227174506,271.88
202722,Davis Bertans,0.15464892739152244,-0.6044367191801336,-0.44978779178861117,51.33649360872989,1.7112164536243297,2503.96
1630553,Keon Johnson,-0.7835298030954696,0.33373156956711286,-0.44979823352835674,157.09219991200345,5.236406663733448,7662.280000000001
1631247,Luke Travers,-0.5207142574083762,0.06842772240179949,-0.4522865350065767,17.633270189751368,0.5877756729917123,861.1200000000001
1630288,Jeff Dowtin Jr.,-0.1630074269501618,-0.29475165360182526,-0.45775908055198705,58.90312949508737,1.9634376498362456,2884.2400000000002
1631111,Wendell Moore Jr.,-0.7545746905388404,0.2937167848945733,-0.4608579056442671,49.901885333073494,1.6633961777691164,2447.2
1630180,Saddiq Bey,0.5036125946770383,-0.9647738804639994,-0.46116128578696103,373.1825139656692,12.439417132188973,18303.68
1630621,Hunter Dickinson,-0.15182414925476878,-0.30970209499018686,-0.46152624424495564,3.9530083071601827,0.13176694357200608,193.92000000000002
1641788,Alex Fudge,-0.33038683068512525,-0.13203453154263417,-0.4624213622277594,3.4907797222314025,0.11635932407438009,171.32
1642279,Ulrich Chomche,-0.1544461090616242,-0.3159652893343223,-0.4704113983959465,1.9589589182682325,0.06529863060894109,96.52
203501,Tim Hardaway Jr.,0.31502879078272567,-0.8071708903414102,-0.49214209955868454,568.7948206117777,18.959827353725924,28328.440000000002
1626172,Kevon Looney,-1.5971713188896444,1.1021312902201448,-0.4950400286694996,219.8847620398045,7.329492067993484,10967.04
1626204,Larry Nance Jr.,-0.7133370000502923,0.21461549871933716,-0.49872150133095516,166.61764217379056,5.553921405793019,8325.560000000001
1643060,Hayden Gray,-0.07905911087864201,-0.4202336276051443,-0.4992927384837863,2.415253806102373,0.08050846020341244,120.72
1629875,Xavier Moon,-0.35714226323732934,-0.14226908096884677,-0.4994113442061761,9.959730564003971,0.3319910188001324,497.84
1631217,Moussa Diabaté,-0.8349106520946521,0.3313550057356673,-0.5035556463589848,233.30368858874758,7.776789619624919,11685.96
1641793,D'Moi Hodge,-0.3202938101994729,-0.18663974900484842,-0.5069335592043214,2.5997558653738833,0.08665852884579611,130.44
1642353,Cam Christie,-0.4667398128233203,-0.04454374115446101,-0.5112835539777812,41.04153903984974,1.3680513013283246,2063.7200000000003
1628981,Bruno Fernando,-0.20628525816623117,-0.3085958103574515,-0.5148810685236827,58.698378708609525,1.9566126236203174,2956.92
1631451,Javonte Cooke,-0.40830464137034045,-0.11394442124911497,-0.5222490626194554,6.066948775508559,0.20223162585028528,306.76
201942,DeMar DeRozan,0.7845766360847458,-1.3075470839003878,-0.522970447815642,575.667510945937,19.188917031531233,29117.8
1642013,Malik Williams,-0.2324149294959666,-0.29254974026469777,-0.5249646697606644,6.970294687480663,0.23234315624935542,352.92
203114,Khris Middleton,0.7031066961704945,-1.2365337588267034,-0.5334270626562089,298.0003035999292,9.933343453330973,15153.28
1628424,Kobi Simmons,-0.3246248557607573,-0.213394876258225,-0.5380197320189823,5.993457322628413,0.19978191075428045,305.48
1641877,Nate Mensah,-0.6306488464630573,0.08765385178735044,-0.5429949946757069,6.211533886899307,0.20705112956331023,317.40000000000003
202685,Jonas Valanciunas,1.1903055459612542,-1.7363455571453823,-0.5460400111841281,307.708837454728,10.256961248490933,15747.960000000001
1630533,Ziaire Williams,-1.2603657916424131,0.7063810348604781,-0.553984756781935,229.8944567728093,7.663148559093643,11813.599999999999
1642377,Jaylen Wells,1.1562894625843598,-1.7131828538532996,-0.5568933912689398,220.0801407180973,7.336004690603244,11326.199999999999
1627752,Taurean Prince,0.5148036027602775,-1.0785003828937156,-0.5636967801334382,344.8974276077838,11.49658092025946,17812.16
1631298,Jack White,-0.3657150241955509,-0.2024887430814713,-0.5682037672770222,4.469403764027881,0.14898012546759604,231.35999999999996
1627751,Jakob Poeltl,0.8265923028360176,-1.3957948523731458,-0.5692025495371282,319.0094440413964,10.633648134713214,16522.16
201599,DeAndre Jordan,-1.4314485665711811,0.8379785927334875,-0.5934699738376936,95.0443348642433,3.1681444954747766,4985.2
1629002,Chimezie Metu,-0.4386760602522397,-0.15790348400743126,-0.596579544259671,60.70388517447057,2.023462839149019,3189.2
1642880,Kam Jones,0.2477281598214347,-0.8467222044079601,-0.5989940445865254,49.53413197901782,1.6511377326339274,2605.68
1631351,Lucas Williamson,0.28469627714263984,-0.8977964494293037,-0.6131001722866638,17.453068646417275,0.5817689548805759,924.96
1631113,Kennedy Chandler,0.4660497592037267,-1.0800383587868825,-0.6139885995831558,30.66352775253722,1.0221175917512406,1625.84
1630531,Jaden Springer,-0.7020192155018089,0.08375017639463714,-0.6182690391071718,59.912055717674576,1.997068523922486,3183.88
1630542,Marcus Bagley,-0.23537637630391545,-0.38961922777511815,-0.6249956040790337,21.38630013987454,0.7128766713291513,1140.6
1628966,Keita Bates-Diop,-0.5161447290777796,-0.10946679646147932,-0.6256115255392589,37.8184116161097,1.26061372053699,2017.64
1628365,Markelle Fultz,-0.12474858583364123,-0.5020980255245167,-0.6268466113581579,75.33223520033124,2.511074506677708,4021.68
1631121,Bryce McGowens,-0.3752156410428416,-0.25709535929452143,-0.6323110003373631,106.8347990831023,3.5611599694367433,5720.160000000001
1642260,Nikola Topić,0.14276418880917893,-0.7887346692756222,-0.6459704804664432,13.207364685349246,0.44024548951164155,712.36
1630644,Mac McClung,-0.11684002722944739,-0.5293889373416157,-0.6462289645710632,11.178980852050659,0.3726326950683553,603.04
1641871,Duop Reath,-0.5443036290966702,-0.11089902641881977,-0.65520265551549,128.78456469952584,4.292818823317528,6980.959999999999
1642862,Liam McNeeley,-0.43160667599701746,-0.22587948927684046,-0.657486165273858,27.292788931031392,0.9097596310343797,1481.2799999999997
1630579,Jericho Sims,-0.08529512254990855,-0.5857972618013657,-0.6710923843512743,159.45440781490356,5.315146927163452,8718.560000000001
1641810,Antonio Reeves,0.034271284896639304,-0.7116201911119581,-0.6773489062153187,51.222328218849654,1.7074109406283218,2810.3199999999997
1628380,Zach Collins,-0.3749423050392053,-0.3039409956099248,-0.6788833006491302,183.98013566862096,6.132671188954032,10102.6
1629027,Trae Young,0.920217956321644,-1.6154397630638002,-0.6952218067421562,383.6258184927192,12.78752728309064,21256.120000000003
1628963,Marvin Bagley III,-0.05973685175823606,-0.6453491247238857,-0.7050859764821218,167.2278317775043,5.574261059250143,9316.76
1628404,Josh Hart,0.19199094273315737,-0.9009899432632965,-0.7089990005301392,626.9398998644248,20.89799666214749,35005.0
1641721,Maxwell Lewis,-0.9657053217641958,0.2521229817466237,-0.713582340017572,28.178237601498825,0.9392745867166276,1577.3600000000001
203500,Steven Adams,-0.9857983687169817,0.26463955727576366,-0.721158811441218,108.51642786683993,3.6172142622279977,6100.4
1631166,Drew Timme,-0.10010306280495676,-0.6268980826191959,-0.7270011454241526,28.66229948307314,0.9554099827691047,1616.6
1641774,Tristan Vukcevic,-0.6855017508718015,-0.04889369468421763,-0.7343954455560192,93.59045998014476,3.1196819993381584,5300.76
1630311,Pat Spencer,-0.05806104725641388,-0.6835316397940261,-0.74159268705044,108.8756572773605,3.629188575912017,6191.719999999999
1628995,Kevin Knox II,-0.1355247356472672,-0.6166223607122576,-0.7521470963595248,46.25308181845717,1.5417693939485724,2646.2799999999997
1630560,Cam Thomas,1.0709283932755371,-1.833576398694107,-0.7626480054185698,233.78155909486642,7.792718636495548,13456.2
1643253,Toby Okani,-0.19968425133903198,-0.568438457330081,-0.768122708669113,15.277235962288016,0.5092411987429338,882.1199999999999
1631301,Jaylen Sims,-0.6130886039568737,-0.17200012153566127,-0.785088725492535,7.3274728937154965,0.2442490964571832,427.28
1626179,Terry Rozier,-0.08133146857567462,-0.704558696284251,-0.7858901648599257,211.65279729162393,7.055093243054131,12347.68
1629642,Nassir Little,-1.199139307640218,0.41300289905231685,-0.786136408587901,30.430676383676666,1.014355879455889,1775.56
1631199,Ron Harper Jr.,-0.21914696193029706,-0.580404987193137,-0.7995519491234341,18.269613858617824,0.6089871286205941,1074.4
1629643,Chuma Okeke,-0.29855257517681133,-0.5084558075308627,-0.807008382707674,39.225938576016276,1.3075312858672092,2316.96
1631311,Lester Quiñones,-1.0609338167324869,0.24638667024211644,-0.8145471464903704,34.35087751680906,1.145029250560302,2038.0800000000002
1630219,Skylar Mays,-0.5003629531672857,-0.32391389845688623,-0.824276851624172,20.580561419092575,0.6860187139697526,1228.16
1642846,Ace Bailey,-0.2990299572360038,-0.5277883584701157,-0.8268183157061195,130.2919963013119,4.343066543377064,7787.08
1628962,Udoka Azubuike,-0.29059233734946693,-0.5389296852196049,-0.8295220225690718,7.633416165668368,0.25444720552227895,456.9599999999999
1642883,Sion James,-1.2553630041865225,0.41409288190942783,-0.8412701222770946,108.60898794963822,3.620299598321274,6547.719999999999
1631094,Paolo Banchero,-1.3201501445583423,0.4777922582988262,-0.8423578862595161,402.14729207766885,13.404909735922296,24260.2
1626162,Kelly Oubre Jr.,0.015742809078863818,-0.8676083171513856,-0.8518655080725218,404.5748255252025,13.48582751750675,24547.440000000002
1641851,Timmy Allen,-0.6418931860936359,-0.2106153821337444,-0.8525085682273803,8.276996953225641,0.2758998984408547,502.4
1630286,Trevon Scott,0.1556268480934838,-1.0134556699246318,-0.857828821831148,13.073653183637862,0.4357884394545954,796.1199999999999
1630285,Zavier Simpson,-0.5191769729163508,-0.3565143861192361,-0.8756913590355868,7.302891649776001,0.24342972165920002,449.59999999999997
1643007,Taelon Peter,-0.23059151071984998,-0.6488362666944503,-0.8794277774143002,35.22994366123505,1.1743314553745017,2173.92
1630165,Killian Hayes,-0.53954654276526,-0.34075991168533365,-0.8803064544505936,96.08410838650012,3.2028036128833373,5932.240000000001
1642502,Malevy Leons,-0.7093516217863873,-0.17223199303150183,-0.8815836148178892,19.917526769159203,0.6639175589719735,1230.6799999999998
1629622,Max Strus,-0.3974480399289668,-0.48653460078170985,-0.8839826407106767,308.3787750106882,10.279292500356272,19082.64
1630702,Jaden Hardy,-0.6838936650166755,-0.20062396566662213,-0.8845176306832976,186.68578879118584,6.222859626372862,11556.039999999999
1642849,Nolan Traore,0.349320883577091,-1.2496884762381424,-0.9003675926610514,66.13776166087322,2.2045920553624407,4134.5599999999995
1641711,Gradey Dick,-0.5946370182485938,-0.3065208024736099,-0.9011578207222037,246.35088205686628,8.21169606856221,15408.080000000002
202693,Markieff Morris,-0.3326992926474385,-0.5743116006219273,-0.9070108932693659,22.45222566590425,0.7484075221968084,1409.44
203991,Clint Capela,-0.9935079769954088,0.08463846984777576,-0.908869507147633,250.42548246124548,8.347516082041516,15738.84
1631207,Dalen Terry,-1.3308990205539815,0.42012921198468467,-0.9107698085692968,142.2386449013542,4.741288163378473,8950.16
203493,Reggie Bullock Jr.,0.2610373005871622,-1.17477080738928,-0.9137335068021177,23.978638817776464,0.7992879605925488,1511.6399999999999
203095,Evan Fournier,-1.4842240008067735,0.5601969993171997,-0.9240270014895738,33.42701768760554,1.1142339229201847,2121.04
1642933,Keshon Gilbert,-0.10457276423804418,-0.8205153437822043,-0.9250881080202484,5.427776344519016,0.18092587815063385,344.64
1631367,Jacob Gilyard,-0.0611602875161862,-0.8689529850237008,-0.930113272539887,15.003721431681793,0.5001240477227265,955.72
1629111,Jock Landale,-0.6619579113005416,-0.28515737691762877,-0.9471152882181704,140.9081375931985,4.696937919773283,9073.96
1641778,Leaky Black,-0.34563341158173033,-0.6031187717974467,-0.948752183379177,36.15338161416491,1.2051127204721637,2330.6000000000004
1631100,AJ Griffin,-0.1015403965912231,-0.8500260836315684,-0.9515664802227914,11.854807027414308,0.3951602342471436,765.6
200782,P.J. Tucker,0.0876589368492288,-1.0400456358196073,-0.9523866989703785,34.924060796354844,1.1641353598784947,2256.64
1631342,Daeqwon Plowden,0.28302685223890456,-1.2355599168871974,-0.9525330646482928,52.68320232066179,1.7561067440220597,3404.4799999999996
1628502,Nigel Hayes-Davis,-0.9068880526191073,-0.049500354666491476,-0.9563884072855988,11.833326469748597,0.3944442156582866,766.5999999999999
1631093,Jaden Ivey,0.06158925959880648,-1.020824580600634,-0.9592353210018275,227.5450582414229,7.584835274714097,14768.32
1642869,Noah Penda,-0.79393321806944,-0.1700961259762768,-0.9640293440457167,28.922327451619154,0.9640775817206385,1883.0
1630184,Kira Lewis Jr.,-1.1963903994002774,0.22029600546667874,-0.9760943939335986,13.958975351568235,0.4652991783856078,916.0
1631288,Jamal Cain,-1.1108705119873836,0.13342147945818425,-0.9774490325291993,57.52319359182083,1.9174397863940276,3778.08
1642348,Justin Edwards,1.1138484981837369,-2.0932882982123755,-0.9794398000286386,141.24422875125975,4.708140958375325,9288.96
1629014,Anfernee Simons,0.034504632445468995,-1.0156361947841839,-0.9811315623387149,285.73013804021605,9.524337934673868,18812.04
1629312,Haywood Highsmith,-0.2259872802542396,-0.763727534771759,-0.9897148150259987,189.76974994827924,6.325658331609308,12565.16
202687,Bismack Biyombo,0.595097516748675,-1.590433620019925,-0.99533610327125,59.41135302955536,1.980378434318512,3948.4800000000005
1641710,Anthony Black,-1.0247236236581565,-0.01561415888582763,-1.0403377825439841,266.2137790845152,8.873792636150506,18238.04
201567,Kevin Love,0.19366202652947864,-1.2393791128806475,-1.045717086351169,106.0975008218332,3.5365833607277732,7295.5199999999995
1630527,Brandon Boston Jr.,-0.44213077842199,-0.6088188700374199,-1.0509496484594099,67.57269561318141,2.252423187106047,4663.24
1629659,Talen Horton-Tucker,-0.33332330855665887,-0.7288616027441618,-1.0621849113008206,80.31865135887807,2.677288378629269,5586.16
1630224,Jalen Green,0.09877104659860199,-1.1759232737578662,-1.0771522271592642,339.03673645159967,11.301224548386655,23828.04
1629631,De'Andre Hunter,-0.0797808624362554,-0.9980570270240907,-1.0778378894603462,279.2056919192754,9.306856397309181,19632.48
1642422,Armel Traore,-0.7132070146514042,-0.36695793419827333,-1.0801649488496776,4.002231042182529,0.1334077014060843,281.88
1641723,Kobe Bufkin,-1.0242200837961217,-0.05699525507403749,-1.0812153388701593,22.547325834675426,0.7515775278225142,1589.1999999999998
1629645,Kevin Porter Jr.,-1.1497489279655797,0.06621237076031433,-1.0835365572052653,132.81214507945126,4.427071502648375,9376.32
1642277,Johnny Furphy,-0.7592160308725667,-0.33368678412333763,-1.0929028149959044,57.9555188559487,1.9318506285316233,4118.8
203939,Dwight Powell,-0.6967123860444135,-0.4107243457993408,-1.1074367318437544,129.069447996408,4.3023149332136,9268.48
1642882,Julian Reese,-0.23745572984659863,-0.874779754978763,-1.1122354848253617,24.29143007361687,0.809714335787229,1750.4
1628470,Torrey Craig,-0.10334512892001398,-1.0140164398982803,-1.1173615688182943,68.43617790051466,2.2812059300171557,4949.68
1641787,Tosan Evbuomwan,-1.3169073031148368,0.19575658009256433,-1.1211507230222726,49.811205900675795,1.6603735300225264,3612.52
202684,Tristan Thompson,-0.9780878476048233,-0.14800241002752754,-1.1260902576323508,54.10401609054108,1.803467203018036,3937.96
1631174,Tyler Burton,-0.7445671264714949,-0.38592375021673636,-1.1304908766882313,18.042460994158567,0.6014153664719523,1317.44
1641729,Brice Sensabaugh,0.4511818434777109,-1.6106868470406834,-1.1595050035629726,199.90426543266386,6.663475514422129,14912.72
1629650,Moses Brown,-1.0384350781174965,-0.12443341860568966,-1.1628684967231862,16.38788370416063,0.5462627901386876,1225.6
1629610,DaQuan Jeffries,-0.5716197850507145,-0.5965259262211093,-1.1681457112718239,61.28820517526223,2.042940172508741,4601.72
1641736,Reece Beekman,-1.05287771322434,-0.11673744731093379,-1.1696151605352738,22.76341675717725,0.758780558572575,1711.04
1641715,Cam Whitmore,-0.32282575262883395,-0.8474417787289222,-1.1702675313577562,106.53125077877965,3.5510416926259882,8011.4800000000005
1630658,Colin Castleton,-1.4339593646220956,0.2620591436530851,-1.1719002209690106,29.608125233805264,0.9869375077935089,2229.3599999999997
1629640,Keldon Johnson,-1.8064744674397744,0.6333152649947056,-1.1731592024450688,300.3341296807918,10.011137656026394,22635.28
1630214,Xavier Tillman,-0.7013437466392564,-0.4869918803109704,-1.1883356269502268,48.58562237501126,1.6195207458337086,3704.12
1630610,DeJon Jarreau,-0.8248803004866914,-0.3743046275994219,-1.1991849280861133,17.01362048857611,0.5671206829525369,1307.92
1630201,Malachi Flynn,-0.5525777887653089,-0.6531695397148579,-1.2057473284801667,44.525915807762516,1.484197193592084,3440.2799999999997
1643016,Bez Mbeng,-0.49894652886910745,-0.7073383201070449,-1.2062848489761524,30.033338487988416,1.0011112829329472,2321.48
1630696,Dru Smith,-2.451224916673345,1.231519754652721,-1.219705162020624,81.32996140573708,2.7109987135245692,6352.4400000000005
1630639,A.J. Lawson,-0.6954646389777747,-0.5294255537873827,-1.2248901927651574,54.51655474244136,1.8172184914147118,4275.4400000000005
1641724,Jett Howard,-0.9479328586007253,-0.27793550401017697,-1.2258683626109024,54.7428109740951,1.82476036580317,4296.48
1629021,Moritz Wagner,-0.28143890905672175,-0.9461291825713902,-1.227568091628112,106.56820821719901,3.552273607239967,8375.16
1630209,Omer Yurtseven,-0.8500293141268933,-0.3792988916463547,-1.229328205773248,25.435799708113436,0.8478599902704479,2001.7600000000002
1631131,Oscar Tshiebwe,-0.22606987921874494,-1.018895444998638,-1.244965324217383,37.58427242872688,1.2528090809575625,2994.6800000000003
1642380,Adama Bal,-0.35578715285985685,-0.9028816445603873,-1.2586687974202442,13.096540719697455,0.4365513573232485,1055.04
1641748,Andre Jackson Jr.,-0.5265533178708784,-0.7349209582365652,-1.2614742761074438,88.86273445842225,2.9620911486140753,7174.880000000001
1631115,Orlando Robinson,-1.349618879366598,0.08169144742751176,-1.2679274319390863,57.81032338049976,1.927010779349992,4692.120000000001
1631338,Mouhamadou Gueye,-1.0874472391929524,-0.19636815114081393,-1.2838153903337663,8.645126679351455,0.28817088931171514,710.8399999999999
1631303,Justin Minaya,-1.197303430235578,-0.08803178676020658,-1.2853352169957846,23.497447294259945,0.7832482431419981,1934.48
1642873,Amari Williams,-1.07294730424141,-0.21399976168951537,-1.2869470659309252,6.333591979361453,0.21111973264538175,522.12
201568,Danilo Gallinari,0.37253208301666374,-1.6601250706249646,-1.287592987608301,29.382926426715308,0.9794308808905102,2423.5200000000004
1629006,Josh Okogie,-2.4179879095313916,1.1223570326246526,-1.295630876906739,132.24551068743088,4.408183689581029,10980.48
1641734,Emoni Bates,-0.9749463856037747,-0.32232391275763594,-1.2972702983614106,10.091864380509076,0.3363954793503025,839.08
203903,Jordan Clarkson,-0.8369960981884087,-0.46054621084036335,-1.297542309028772,192.28837624474377,6.409612541491459,15991.279999999999
1630283,Kylor Kelley,-0.2771997759186176,-1.0249908457272123,-1.3021906216458299,6.661736638654553,0.22205788795515174,556.1600000000001
1631133,Jabari Walker,-0.8843925752127173,-0.42424123837464167,-1.308633813587359,145.7736603835525,4.859122012785083,12235.84
1631172,Ousmane Dieng,-0.42329359956825635,-0.8869066790427368,-1.3102002786109932,79.62187327524089,2.6540624425080295,6692.04
201959,Taj Gibson,-1.524392285034124,0.19692995549298947,-1.3274623295411345,32.763047587961616,1.0921015862653871,2794.2
1642860,Will Riley,-0.1461505874566971,-1.1954117624505365,-1.3415623499072336,75.65014892659798,2.5216716308865994,6530.36
1631241,Javon Freeman-Liberty,-0.5108557893393428,-0.8344687725010785,-1.3453245618404215,17.775073695028553,0.5925024565009518,1539.4
1642270,Donovan Clingan,-0.8621628132743898,-0.5018697894069571,-1.364032602681347,144.54730743920933,4.8182435813069775,12724.6
1631105,Jalen Duren,0.07678154245584339,-1.444552927617715,-1.3677713851618716,277.99201577819224,9.26640052593974,24552.64
1642383,Walter Clayton Jr.,-0.1011133404348332,-1.2685666947859595,-1.3696800352207927,67.7522829448375,2.2584094314945835,5994.08
202066,Garrett Temple,-0.6876079556688399,-0.682388983647978,-1.3699969393168179,26.39189948409213,0.8797299828030709,2335.56
1630556,Kessler Edwards,0.41406077787553314,-1.7869203079741933,-1.3728595300986601,36.840360830631305,1.2280120276877102,3268.4799999999996
1642942,Jahmai Mashack,-0.466064828360585,-0.916689061198045,-1.38275388955863,30.038278925326672,1.0012759641775557,2688.6
1630703,Scoot Henderson,-0.7622744409615723,-0.6269335064409685,-1.3892079474025407,174.30060140856187,5.810020046952062,15691.560000000001
1631097,Bennedict Mathurin,-2.3301508380950144,0.9354393526299343,-1.3947114854650802,234.54133855349835,7.818044618449945,21219.92
1642403,Isaac Jones,-0.7134904893954583,-0.6889669287427411,-1.4024574181381995,13.928254380858993,0.4642751460286331,1269.04
1628964,Mo Bamba,-1.1554540457073512,-0.2501436062146339,-1.405597651921985,46.00167053817205,1.5333890179390683,4203.36
202692,Alec Burks,-1.1382490713672186,-0.2798573876805854,-1.418106459047804,89.43970627310163,2.981323542436721,8266.96
1627745,Damian Jones,-0.6927826786458179,-0.7384684413820752,-1.431251120027893,8.734670846236035,0.2911556948745345,817.28
1629018,Gary Trent Jr.,0.9144199966569929,-2.355508287191683,-1.4410882905346898,205.89013357691329,6.863004452563776,19443.56
1642367,Jonathan Mogbo,-1.8037872131550816,0.3563733027308698,-1.4474139104242119,65.23423341867739,2.1744744472892465,6197.52
202694,Marcus Morris Sr.,-1.1489742296855123,-0.29969311905127205,-1.4486673487367843,38.166739505338775,1.2722246501779593,3630.3200000000006
1630544,Tre Mann,0.10061731937266734,-1.551111477969013,-1.4504941585963456,76.27556573919824,2.542518857973275,7267.76
1629629,Cam Reddish,-0.5681043063622183,-0.8826681353445774,-1.4507724417067958,68.49357500538036,2.2831191668460122,6528.0
203952,Andrew Wiggins,-0.21377131347082037,-1.2402959631763977,-1.454067276647218,251.00837380036202,8.366945793345401,23998.519999999997
1642874,Danny Wolf,-1.7895685625014073,0.3297808673566866,-1.4597876951447206,44.726216514323426,1.490873883810781,4299.72
1631232,Keion Brooks Jr.,-0.5289200640946968,-0.9484656913619127,-1.4773857554566097,14.272013442545372,0.47573378141817907,1395.6399999999999
1630641,Ibou Badji,-1.0121585864457063,-0.47210699843608506,-1.4842655848817914,9.717328002552877,0.32391093341842925,956.68
1628396,Tony Bradley,-1.9066382166119267,0.41180067933513437,-1.4948375372767924,29.142876314226505,0.9714292104742168,2899.32
1642954,Will Richard,-0.9447098237327523,-0.5514305841221858,-1.496140407854938,61.79157333489714,2.059719111163238,6155.4
201145,Jeff Green,-1.1362252888971298,-0.37834822458829864,-1.5145735134854283,70.37442961973544,2.345814320657848,7141.52
1628381,John Collins,-0.3098779496585206,-1.2090910949891145,-1.5189690446476352,183.7094263488124,6.123647544960414,18726.16
1628997,Caleb Martin,-1.056826698986966,-0.4685896495166106,-1.5254163485035765,148.44078512672323,4.948026170890774,15231.199999999999
1631213,Tyrese Martin,-0.6716583626445797,-0.8552027885933199,-1.5268611512378996,80.31898802142872,2.677299600714291,8253.6
1629670,Jordan Nwora,-0.9809644700367012,-0.5511961362398163,-1.5321606062765176,28.805997443270748,0.9601999147756916,2976.3199999999997
1641720,Jalen Hood-Schifino,-0.41505629867766997,-1.1211825631365122,-1.5362388618141822,13.913626799761012,0.46378755999203375,1443.6799999999998
1626224,Cedi Osman,0.2066402857084809,-1.7493250003026855,-1.5426847145942046,46.662993345705935,1.5554331115235311,4874.360000000001
1629656,Quentin Grimes,-1.834984023750356,0.2804364611987002,-1.5545475625516558,203.0669217819802,6.768897392732673,21478.28
1641731,Bilal Coulibaly,-1.1545223493963008,-0.4038451951248958,-1.5583675445211966,180.3919193729141,6.0130639790971365,19157.36
1627749,Dejounte Murray,-0.0831897152793758,-1.4990911775793085,-1.5822808928586842,157.26658668966445,5.242219556322149,17136.68
1642268,Isaiah Collier,-0.2378468174700207,-1.347250904930389,-1.5850977224004097,124.86842457316936,4.1622808191056455,13648.279999999999
1628398,Kyle Kuzma,0.17258791424464875,-1.7595413437897465,-1.5869534295450978,206.16262864106326,6.872087621368776,22579.64
1642875,Maxime Raynaud,-0.1854542735380837,-1.4348109363181003,-1.620265209856184,63.94792189555398,2.1315973965184662,7269.0
1631108,Max Christie,-0.33709001400671984,-1.2966782608795053,-1.6337682748862252,176.36062132088398,5.878687377362799,20359.519999999997
203084,Harrison Barnes,1.1585702008643677,-2.8122127846861873,-1.6536425838218196,207.05355537976303,6.901785179325434,24464.08
201566,Russell Westbrook,-1.2171653524171149,-0.45433003350061907,-1.671495385917734,191.25101090921336,6.375033696973778,23083.879999999997
1630647,Eugene Omoruyi,-1.00385375328029,-0.6686437406415604,-1.6724974939218504,14.086740661469555,0.46955802204898517,1702.32
1629599,Amir Coffey,-0.6272570636004069,-1.0546988005335258,-1.6819558641339327,101.86318301569705,3.395439433856568,12452.04
1641765,Olivier-Maxence Prosper,-0.6170121081630967,-1.0821690984747583,-1.699181206637855,54.47265530704512,1.8157551769015041,6802.119999999999
1641713,GG Jackson,-0.35367757029757857,-1.345527330616724,-1.6992049009143024,43.34864030370698,1.4449546767902326,5413.2
1630548,Johnny Juzang,-0.4154753761086568,-1.3155794930289646,-1.7310548691376213,50.929696641434106,1.6976565547144702,6623.320000000001
1630235,Trent Forrest,-0.763727981725289,-0.9741014615812689,-1.7378294433065578,11.021900854455208,0.3673966951485069,1446.12
1641798,Jaylen Martin,-0.857177585740372,-0.9036408652271696,-1.7608184509675415,6.561566774451327,0.2187188924817109,887.68
202711,Bojan Bogdanovic,-0.04387583730724467,-1.7361663479959637,-1.7800421853032085,44.4015263311064,1.4800508777035468,6167.24
1630557,Corey Kispert,-0.32561273603366186,-1.4651399896306916,-1.7907527256643534,128.8163269539375,4.29387756513125,18162.4
1641816,Hunter Tyson,-1.7480139619521433,-0.06522872097343382,-1.8132426829255772,15.94568079368761,0.5315226931229203,2321.88
1642258,Zaccharie Risacher,-0.3325150413513665,-1.5157726199622834,-1.8482876613136499,92.51499812043046,3.083833270681015,14195.68
1631117,Walker Kessler,-1.1748008109947121,-0.7146383818719214,-1.8894391928666336,78.51934091896518,2.617311363965506,12860.2
1630545,Terrence Shannon Jr,-1.0460688617332745,-0.8780375083879763,-1.9241063701212509,23.582613786082824,0.7860871262027608,4094.96
1629028,Deandre Ayton,0.1527843021571257,-2.105739980934481,-1.9529556787773552,98.26272679075333,3.2754242263584445,17962.48
203109,Jae Crowder,-0.6146124261793728,-1.342080896625421,-1.9566933228047938,28.898482160013018,0.9632827386671006,5319.0
1642358,AJ Johnson,-1.358581323230714,-0.5989512738209265,-1.9575325970516406,21.630345225162884,0.7210115075054294,3987.4
1642879,Ben Saraf,-0.9844165771340798,-0.9735307369993521,-1.957947314133432,20.504118537737494,0.6834706179245831,3782.6800000000003
1630592,Jalen Wilson,-0.9926614643724833,-0.9679988948955615,-1.9606603592680447,72.97567369302165,2.432522456434055,13530.560000000001
1629234,Drew Eubanks,-1.6567872817215286,-0.3093733941817565,-1.966160675903285,53.426426019869595,1.7808808673289864,10007.96
1630164,James Wiseman,-0.901672333491299,-1.0663691820077437,-1.9680415154990427,22.506525129054097,0.7502175043018032,4230.879999999999
1631109,Mark Williams,-1.1869218209481174,-0.7827598312742692,-1.9696816522223866,61.08397644307752,2.036132548102584,11518.36
1641783,Tristan da Silva,-1.0463197929965655,-0.9294172711023088,-1.9757370640988743,55.04299475578227,1.8347664918594089,10499.119999999999
1629667,Jalen McDaniels,-1.4450325498069723,-0.5751024835978888,-2.020135033404861,10.18292653713549,0.339430884571183,2122.04
1641741,Ricky Council IV,-1.1211474318651662,-0.9207102105378433,-2.0418576424030093,26.51911222714421,0.8839704075714736,5788.4
1628972,Troy Brown Jr.,-1.3778584213505833,-0.7116548504150711,-2.0895132717656546,11.655852745559885,0.3885284248519962,2839.52
1630314,Brandon Williams,-0.6588893620017096,-1.449281651366229,-2.1081710133679383,32.932129205262214,1.097737640175407,8404.720000000001
1641738,Kobe Brown,-0.1695756719232329,-1.9748608912546073,-2.14443656317784,22.46464016379879,0.748821338793293,6318.04
1629646,Charles Bassey,-1.7683901678440725,-0.4000074698269926,-2.168397637671065,7.996657288034734,0.2665552429344911,2411.52
1642964,Brooks Barnhizer,-1.325008972585442,-0.8517291635196401,-2.176738136105082,4.082021512519464,0.1360673837506488,1262.76
1631124,Julian Strawther,-1.6741309770525001,-0.5746478602554906,-2.2487788373079907,28.44687762473206,0.9482292541577354,11323.439999999999
1631103,Malaki Branham,-0.8661006275467401,-1.3837413632391644,-2.2498419907859044,20.819350285241264,0.6939783428413755,8322.48
1626196,Josh Richardson,-1.0382831672144999,-1.2352166230866393,-2.2734997903011394,10.949926137681718,0.36499753792272394,4834.4
1629651,Nic Claxton,-1.6424999825471667,-0.68910789391872,-2.3316078764658865,37.01824672814889,1.233941557604963,21983.36
1641878,Damion Baugh,-1.21844391400456,-1.1163992576861945,-2.3348431716907543,2.4433301180069815,0.08144433726689938,1479.4
1641733,Nick Smith Jr.,-1.4683888953023845,-0.8897720361675825,-2.3581609314699667,10.377002989284644,0.3459000996428215,7316.04
1628971,Bruce Brown,-0.7882902118558583,-1.598068609019566,-2.386358820875424,22.562774268109806,0.7520924756036602,19854.4
1641722,Jordan Hawkins,-0.7355123979382989,-1.6835045083134879,-2.4190169062517866,10.095903151689775,0.33653010505632586,12466.68
1641730,Noah Clowney,-1.4182042312155247,-1.0491061174447833,-2.467310348660308,3.8541491205312854,0.12847163735104286,11790.119999999999
1630173,Precious Achiuwa,-1.3301882270642247,-1.196863947205727,-2.5270521742699517,-4.789446783188737,-0.15964822610629123,17704.48
1631218,Trayce Jackson-Davis,-1.5059265684170864,-1.0612636815632088,-2.567190249980295,-6.784683310310267,-0.22615611034367555,10097.720000000001
1642262,Cody Williams,-0.6932946526676026,-1.9448929487430813,-2.6381876014106838,-15.235348880649576,-0.5078449626883192,11025.119999999999
1641716,Jarace Walker,-1.352111974538924,-1.3078950652283907,-2.660007039767315,-22.112204862052053,-0.7370734954017351,13819.52
1629723,John Konchar,-1.6853691461539382,-1.0193126130499377,-2.7046817592038757,-14.96280970672908,-0.498760323557636,7310.28
203924,Jerami Grant,-2.3585591471227705,-0.46787378768136795,-2.8264329348041386,-60.31671081502167,-2.010557027167389,18477.52
1642962,Drake Powell,-1.8411766108071945,-1.0115728419246615,-2.8527494527318558,-17.343985091919887,-0.5781328363973296,4916.8
1642847,Jeremiah Fears,-1.0679109362933077,-1.801045177530005,-2.8689561138233124,-33.24147003102516,-1.108049001034172,9009.6
1642354,KJ Simpson,-2.066549379716112,-0.8387942871759757,-2.9053436668920876,-17.758754596409382,-0.5919584865469794,4381.16
1626192,Pat Connaughton,-1.082020028109823,-2.0536382353932043,-3.1356582635030272,-63.37665445108422,-2.112555148369474,9970.24
203083,Andre Drummond,-3.058929835833278,-0.12286716153948556,-3.181796997372764,-87.50100848642367,-2.916700282880789,12833.880000000001
1630172,Patrick Williams,-2.5716100957239707,-0.7338429864063721,-3.305453082130343,-133.92042869718216,-4.464014289906072,16626.72
1641712,Rayan Rupert,-2.331872287971699,-1.0429891868516956,-3.374861474823395,-71.41844163573302,-2.3806147211911006,8163.4
1630208,Nick Richards,-0.864750870655496,-2.5116787950266963,-3.3764296656821924,-107.48077676500252,-3.582692558833417,12263.48
1630526,Jeremiah Robinson-Earl,-1.344098576532517,-2.1458626952991886,-3.4899612718317057,-71.83990555879195,-2.3946635186263987,7256.84
1642267,Bub Carrington,-1.4454365046252786,-2.103105707587688,-3.5485422122129666,-184.69441942804082,-6.15648064760136,17614.4
1642852,Derik Queen,-1.0055871041102595,-2.549222765297019,-3.5548098694072783,-89.35336596143833,-2.978445532047944,8471.04
1642275,Tidjane Salaün,-2.429868253506774,-1.1901930162949659,-3.62006126980174,-76.97105848528348,-2.565701949509449,6872.04
1642274,Yves Missi,-1.3261017452726986,-2.4981614822269944,-3.824263227499693,-166.9461571538493,-5.56487190512831,12606.720000000001
1641718,Keyonte George,-1.3922176750632662,-2.687024069328502,-4.079241744391768,-363.79412823808775,-12.126470941269591,23036.0
1631110,Jeremy Sochan,-2.4463489180928484,-2.1606983848103734,-4.607047302903222,-317.0760635111673,-10.56920211703891,15048.36
